2025-12-01 03:00:00 UTC,1,0.1263,
2025-12-01 06:00:00 UTC,1,0.0538,
2025-12-01 09:00:00 UTC,1,0.1383,
2025-12-01 12:00:00 UTC,1,0.1241,
2025-12-01 15:00:00 UTC,1,0.1241,
2025-12-01 18:00:00 UTC,1,0.1208,
2025-12-01 21:00:00 UTC,1,0.0961,
2025-12-02 0:00:00 UTC,1,0.1358,
2025-12-02 03:00:00 UTC,1,0.1118,
2025-12-02 06:00:00 UTC,1,0.1051,
2025-12-02 09:00:00 UTC,1,0.1461,
2025-12-02 12:00:00 UTC,1,0.1333,
2025-12-02 15:00:00 UTC,1,0.0963,
2025-12-02 18:00:00 UTC,1,0.1314,
2025-12-02 21:00:00 UTC,1,0.0928,
2025-12-03 0:00:00 UTC,1,0.1491,
2025-12-03 03:00:00 UTC,1,0.1644,
2025-12-03 06:00:00 UTC,1,0.1295,
2025-12-03 09:00:00 UTC,1,0.1498,
2025-12-03 12:00:00 UTC,1,0.0536,
2025-12-03 15:00:00 UTC,1,0.1304,
2025-12-03 18:00:00 UTC,1,0.0995,
2025-12-03 21:00:00 UTC,1,0.1265,
2025-12-04 0:00:00 UTC,1,0.1067,
2025-12-04 03:00:00 UTC,1,0.0958,
2025-12-04 06:00:00 UTC,1,0.1396,
2025-12-04 09:00:00 UTC,1,0.1129,
2025-12-04 12:00:00 UTC,1,0.0811,
2025-12-04 15:00:00 UTC,1,0.1019,
2025-12-04 18:00:00 UTC,1,0.1216,
2025-12-04 21:00:00 UTC,1,0.1275,
2025-12-05 0:00:00 UTC,1,0.1035,
2025-12-05 03:00:00 UTC,1,0.1454,
2025-12-05 06:00:00 UTC,1,0.1278,
2025-12-05 09:00:00 UTC,1,0.1306,
2025-12-05 12:00:00 UTC,1,0.1182,
2025-12-05 15:00:00 UTC,1,0.1908,
2025-12-05 18:00:00 UTC,1,0.1339,
2025-12-05 21:00:00 UTC,1,0.1119,
2025-12-06 0:00:00 UTC,1,0.1580,
2025-12-06 03:00:00 UTC,1,0.1734,
2025-12-06 06:00:00 UTC,1,0.1300,
2025-12-06 09:00:00 UTC,1,0.2154,
2025-12-06 12:00:00 UTC,1,0.1184,
2025-12-06 15:00:00 UTC,1,0.1345,
2025-12-06 18:00:00 UTC,1,0.1205,
2025-12-06 21:00:00 UTC,1,0.1251,
2025-12-07 0:00:00 UTC,1,0.1546,
2025-12-07 03:00:00 UTC,1,0.1325,
2025-12-07 06:00:00 UTC,1,0.1887,
2025-12-07 09:00:00 UTC,1,0.1358,
2025-12-07 12:00:00 UTC,1,0.0600,
2025-12-07 15:00:00 UTC,1,0.1122,
2025-12-07 18:00:00 UTC,1,0.1629,
2025-12-07 21:00:00 UTC,1,0.1241,
2025-12-08 0:00:00 UTC,1,0.0725,
2025-12-08 03:00:00 UTC,1,0.1084,
2025-12-08 06:00:00 UTC,1,0.0661,
2025-12-08 09:00:00 UTC,1,0.2110,
2025-12-08 12:00:00 UTC,1,0.1735,
2025-12-08 15:00:00 UTC,1,0.1646,
2025-12-08 18:00:00 UTC,1,0.1418,
2025-12-08 21:00:00 UTC,1,0.1540,
2025-12-09 0:00:00 UTC,1,0.0726,
2025-12-09 03:00:00 UTC,1,0.1124,
2025-12-09 06:00:00 UTC,1,0.1318,
2025-12-09 09:00:00 UTC,1,0.1122,
2025-12-09 12:00:00 UTC,1,0.0569,
2025-12-09 15:00:00 UTC,1,0.1864,
2025-12-09 18:00:00 UTC,1,0.1245,
2025-12-09 21:00:00 UTC,1,0.1306,
2025-12-10 0:00:00 UTC,1,0.1127,
2025-12-10 03:00:00 UTC,1,0.1060,
2025-12-10 06:00:00 UTC,1,0.1208,
2025-12-10 09:00:00 UTC,1,0.1829,
2025-12-10 12:00:00 UTC,1,0.1341,
2025-12-10 15:00:00 UTC,1,0.1156,
2025-12-10 18:00:00 UTC,1,0.0922,
2025-12-10 21:00:00 UTC,1,0.1483,
2025-12-11 0:00:00 UTC,1,0.1120,
2025-12-11 03:00:00 UTC,1,0.1420,
2025-12-11 06:00:00 UTC,1,0.0928,
2025-12-11 09:00:00 UTC,1,0.1450,
2025-12-11 12:00:00 UTC,1,0.1160,
2025-12-11 15:00:00 UTC,1,0.1295,
2025-12-11 18:00:00 UTC,1,0.1186,
2025-12-11 21:00:00 UTC,1,0.1176,
2025-12-12 0:00:00 UTC,1,0.1354,
2025-12-12 03:00:00 UTC,1,0.1659,
2025-12-12 06:00:00 UTC,1,0.0990,
2025-12-12 09:00:00 UTC,1,0.0971,
2025-12-12 12:00:00 UTC,1,0.0803,
2025-12-12 15:00:00 UTC,1,0.1714,
2025-12-12 18:00:00 UTC,1,0.1505,
2025-12-12 21:00:00 UTC,1,0.1119,
2025-12-13 0:00:00 UTC,1,0.1179,
2025-12-13 03:00:00 UTC,1,0.1447,
2025-12-13 06:00:00 UTC,1,0.1506,
2025-12-13 09:00:00 UTC,1,0.0984,
2025-12-13 12:00:00 UTC,1,0.1982,
2025-12-13 15:00:00 UTC,1,0.1579,
2025-12-13 18:00:00 UTC,1,0.0970,
2025-12-13 21:00:00 UTC,1,0.1610,
2025-12-14 0:00:00 UTC,1,0.1556,
2025-12-14 03:00:00 UTC,1,0.1440,
2025-12-14 06:00:00 UTC,1,0.1334,
2025-12-14 09:00:00 UTC,1,0.1127,
2025-12-14 12:00:00 UTC,1,0.1847,
2025-12-14 15:00:00 UTC,1,0.1419,
2025-12-14 18:00:00 UTC,1,0.1149,
2025-12-14 21:00:00 UTC,1,0.0947,
2025-12-15 0:00:00 UTC,1,0.1960,
2025-12-15 03:00:00 UTC,1,0.1148,
2025-12-15 06:00:00 UTC,1,0.1362,
2025-12-15 09:00:00 UTC,1,0.1336,
2025-12-15 12:00:00 UTC,1,0.1689,
2025-12-15 15:00:00 UTC,1,0.1485,
2025-12-15 18:00:00 UTC,1,0.0859,
2025-12-15 21:00:00 UTC,1,0.1388,
2025-12-16 0:00:00 UTC,1,0.1292,
2025-12-16 03:00:00 UTC,1,0.1339,
2025-12-16 06:00:00 UTC,1,0.1438,
2025-12-16 09:00:00 UTC,1,0.0887,
2025-12-16 12:00:00 UTC,1,0.1023,
2025-12-16 15:00:00 UTC,1,0.0757,
2025-12-16 18:00:00 UTC,1,0.1161,
2025-12-16 21:00:00 UTC,1,0.1184,
2025-12-17 0:00:00 UTC,1,0.1007,
2025-12-17 03:00:00 UTC,1,0.0711,
2025-12-17 06:00:00 UTC,1,0.1026,
2025-12-17 09:00:00 UTC,1,0.1028,
2025-12-17 12:00:00 UTC,1,0.1152,
2025-12-17 15:00:00 UTC,1,0.1292,
2025-12-17 18:00:00 UTC,1,0.1371,
2025-12-17 21:00:00 UTC,1,0.1538,
2025-12-18 0:00:00 UTC,1,0.1559,
2025-12-18 03:00:00 UTC,1,0.0881,
2025-12-18 06:00:00 UTC,1,0.1099,
2025-12-18 09:00:00 UTC,1,0.1379,
2025-12-18 12:00:00 UTC,1,0.1088,
2025-12-18 15:00:00 UTC,1,0.1805,
2025-12-18 18:00:00 UTC,1,0.0967,
2025-12-18 21:00:00 UTC,1,0.1387,
2025-12-19 0:00:00 UTC,1,0.1462,
2025-12-19 03:00:00 UTC,1,0.1510,
2025-12-19 06:00:00 UTC,1,0.0681,
2025-12-19 09:00:00 UTC,1,0.1038,
2025-12-19 12:00:00 UTC,1,0.1350,
2025-12-19 15:00:00 UTC,1,0.1199,
2025-12-19 18:00:00 UTC,1,0.0538,
2025-12-19 21:00:00 UTC,1,0.1184,
2025-12-20 0:00:00 UTC,1,0.1438,
2025-12-20 03:00:00 UTC,1,0.0706,
2025-12-20 06:00:00 UTC,1,0.1108,
2025-12-20 09:00:00 UTC,1,0.0946,
2025-12-20 12:00:00 UTC,1,0.1274,
2025-12-20 15:00:00 UTC,1,0.1447,
2025-12-20 18:00:00 UTC,1,0.1212,
2025-12-20 21:00:00 UTC,1,0.1557,
2025-12-21 0:00:00 UTC,1,0.1291,
2025-12-21 03:00:00 UTC,1,0.1087,
2025-12-21 06:00:00 UTC,1,0.1539,
2025-12-21 09:00:00 UTC,1,0.1689,
2025-12-21 12:00:00 UTC,1,0.1259,
2025-12-21 15:00:00 UTC,1,0.0879,
2025-12-21 18:00:00 UTC,1,0.1232,
2025-12-21 21:00:00 UTC,1,0.1233,
2025-12-22 0:00:00 UTC,1,0.1309,
2025-12-22 03:00:00 UTC,1,0.1319,
2025-12-22 06:00:00 UTC,1,0.0751,
2025-12-22 09:00:00 UTC,1,0.1105,
2025-12-22 12:00:00 UTC,1,0.1275,
2025-12-22 15:00:00 UTC,1,0.1342,
2025-12-22 18:00:00 UTC,1,0.1520,
2025-12-22 21:00:00 UTC,1,0.1356,
2025-12-23 0:00:00 UTC,1,0.1304,
2025-12-23 03:00:00 UTC,1,0.1598,
2025-12-23 06:00:00 UTC,1,0.1111,
2025-12-23 09:00:00 UTC,1,0.1279,
2025-12-23 12:00:00 UTC,1,0.1664,
2025-12-23 15:00:00 UTC,1,0.1493,
2025-12-23 18:00:00 UTC,1,0.1157,
2025-12-23 21:00:00 UTC,1,0.1548,
2025-12-24 0:00:00 UTC,1,0.1234,
2025-12-24 03:00:00 UTC,1,0.1494,
2025-12-24 06:00:00 UTC,1,0.1026,
2025-12-24 09:00:00 UTC,1,0.0663,
2025-12-24 12:00:00 UTC,1,0.1726,
2025-12-24 15:00:00 UTC,1,0.0993,
2025-12-24 18:00:00 UTC,1,0.1522,
2025-12-24 21:00:00 UTC,1,0.1234,
2025-12-25 0:00:00 UTC,1,0.1181,
2025-12-25 03:00:00 UTC,1,0.1181,
2025-12-25 06:00:00 UTC,1,0.1756,
2025-12-25 09:00:00 UTC,1,0.1388,
2025-12-25 12:00:00 UTC,1,0.1659,
2025-12-25 15:00:00 UTC,1,0.1584,
2025-12-25 18:00:00 UTC,1,0.1301,
2025-12-25 21:00:00 UTC,1,0.1311,
2025-12-26 0:00:00 UTC,1,0.0945,
2025-12-26 03:00:00 UTC,1,0.0880,
2025-12-26 06:00:00 UTC,1,0.1237,
2025-12-26 09:00:00 UTC,1,0.1361,
2025-12-26 12:00:00 UTC,1,0.1621,
2025-12-26 15:00:00 UTC,1,0.1525,
2025-12-26 18:00:00 UTC,1,0.1679,
2025-12-26 21:00:00 UTC,1,0.1787,
2025-12-27 0:00:00 UTC,1,0.1637,
2025-12-27 03:00:00 UTC,1,0.1617,
2025-12-27 06:00:00 UTC,1,0.0990,
2025-12-27 09:00:00 UTC,1,0.1239,
2025-12-27 12:00:00 UTC,1,0.1169,
2025-12-27 15:00:00 UTC,1,0.1532,
2025-12-27 18:00:00 UTC,1,0.1713,
2025-12-27 21:00:00 UTC,1,0.1195,
2025-12-28 0:00:00 UTC,1,0.1335,
2025-12-28 03:00:00 UTC,1,0.1426,
2025-12-28 06:00:00 UTC,1,0.1548,
2025-12-28 09:00:00 UTC,1,0.0939,
2025-12-28 12:00:00 UTC,1,0.1491,
2025-12-28 15:00:00 UTC,1,0.1672,
2025-12-28 18:00:00 UTC,1,0.0987,
2025-12-28 21:00:00 UTC,1,0.0742,
2025-12-29 0:00:00 UTC,1,0.1180,
2025-12-29 03:00:00 UTC,1,0.0958,
2025-12-29 06:00:00 UTC,1,0.1937,
2025-12-29 09:00:00 UTC,1,0.1427,
2025-12-29 12:00:00 UTC,1,0.1724,
2025-12-29 15:00:00 UTC,1,0.1389,
2025-12-29 18:00:00 UTC,1,0.1162,
2025-12-29 21:00:00 UTC,1,0.1020,
2025-12-30 0:00:00 UTC,1,0.1368,
2025-12-30 03:00:00 UTC,1,0.1252,
2025-12-30 06:00:00 UTC,1,0.1534,
2025-12-30 09:00:00 UTC,1,0.1332,
2025-12-30 12:00:00 UTC,1,0.1285,
2025-12-30 15:00:00 UTC,1,0.1199,
2025-12-30 18:00:00 UTC,1,0.0734,
2025-12-30 21:00:00 UTC,1,0.1463,
2025-12-31 0:00:00 UTC,1,0.1266,
2025-12-31 03:00:00 UTC,1,0.1118,
2025-12-31 06:00:00 UTC,1,0.1509,
2025-12-31 09:00:00 UTC,1,0.1819,
2025-12-31 12:00:00 UTC,1,0.1140,
2025-12-31 15:00:00 UTC,1,0.1654,
2025-12-31 18:00:00 UTC,1,0.1530,
2025-12-31 21:00:00 UTC,1,0.1085,
2026-01-01 0:00:00 UTC,1,0.1526,
2026-01-01 03:00:00 UTC,1,0.1255,
2026-01-01 06:00:00 UTC,1,0.0996,
2026-01-01 09:00:00 UTC,1,0.1329,
2026-01-01 12:00:00 UTC,1,0.1056,
2026-01-01 15:00:00 UTC,1,0.0700,
2026-01-01 18:00:00 UTC,1,0.1025,
2026-01-01 21:00:00 UTC,1,0.1117,
2026-01-02 0:00:00 UTC,1,0.1241,
2026-01-02 03:00:00 UTC,1,0.1466,
2026-01-02 06:00:00 UTC,1,0.0725,
2026-01-02 09:00:00 UTC,1,0.1466,
2026-01-02 12:00:00 UTC,1,0.0988,
2026-01-02 15:00:00 UTC,1,0.1055,
2026-01-02 18:00:00 UTC,1,0.1476,
2026-01-02 21:00:00 UTC,1,0.1446,
2026-01-03 0:00:00 UTC,1,0.1542,
2026-01-03 03:00:00 UTC,1,0.1444,
2026-01-03 06:00:00 UTC,1,0.1267,
2026-01-03 09:00:00 UTC,1,0.1073,
2026-01-03 12:00:00 UTC,1,0.1370,
2026-01-03 15:00:00 UTC,1,0.1102,
2026-01-03 18:00:00 UTC,1,0.1320,
2026-01-03 21:00:00 UTC,1,0.1350,
2026-01-04 0:00:00 UTC,1,0.1561,
2026-01-04 03:00:00 UTC,1,0.1121,
2026-01-04 06:00:00 UTC,1,0.1736,
2026-01-04 09:00:00 UTC,1,0.1688,
2026-01-04 12:00:00 UTC,1,0.1893,
2026-01-04 15:00:00 UTC,1,0.1486,
2026-01-04 18:00:00 UTC,1,0.1493,
2026-01-04 21:00:00 UTC,1,0.1424,
2026-01-05 0:00:00 UTC,1,0.1613,
2026-01-05 03:00:00 UTC,1,0.1690,
2026-01-05 06:00:00 UTC,1,0.1335,
2026-01-05 09:00:00 UTC,1,0.1039,
2026-01-05 12:00:00 UTC,1,0.1332,
2026-01-05 15:00:00 UTC,1,0.1247,
2026-01-05 18:00:00 UTC,1,0.1014,
2026-01-05 21:00:00 UTC,1,0.1576,
2026-01-06 0:00:00 UTC,1,0.1509,
2026-01-06 03:00:00 UTC,1,0.1332,
2026-01-06 06:00:00 UTC,1,0.1278,
2026-01-06 09:00:00 UTC,1,0.1294,
2026-01-06 12:00:00 UTC,1,0.1028,
2026-01-06 15:00:00 UTC,1,0.1236,
2026-01-06 18:00:00 UTC,1,0.1267,
2026-01-06 21:00:00 UTC,1,0.1054,
2026-01-07 0:00:00 UTC,1,0.1951,
2026-01-07 03:00:00 UTC,1,0.1010,
2026-01-07 06:00:00 UTC,1,0.1157,
2026-01-07 09:00:00 UTC,1,0.0938,
2026-01-07 12:00:00 UTC,1,0.0996,
2026-01-07 15:00:00 UTC,1,0.1670,
2026-01-07 18:00:00 UTC,1,0.1234,
2026-01-07 21:00:00 UTC,1,0.1471,
2026-01-08 0:00:00 UTC,1,0.1104,
2026-01-08 03:00:00 UTC,1,0.0961,
2026-01-08 06:00:00 UTC,1,0.1617,
2026-01-08 09:00:00 UTC,1,0.1418,
2026-01-08 12:00:00 UTC,1,0.1006,
2026-01-08 15:00:00 UTC,1,0.1599,
2026-01-08 18:00:00 UTC,1,0.1555,
2026-01-08 21:00:00 UTC,1,0.1302,
2026-01-09 0:00:00 UTC,1,0.1192,
2026-01-09 03:00:00 UTC,1,0.1018,
2026-01-09 06:00:00 UTC,1,0.1946,
2026-01-09 09:00:00 UTC,1,0.1421,
2026-01-09 12:00:00 UTC,1,0.1339,
2026-01-09 15:00:00 UTC,1,0.0903,
2026-01-09 18:00:00 UTC,1,0.1188,
2026-01-09 21:00:00 UTC,1,0.1715,
2026-01-10 0:00:00 UTC,1,0.1342,
2026-01-10 03:00:00 UTC,1,0.1098,
2026-01-10 06:00:00 UTC,1,0.0707,
2026-01-10 09:00:00 UTC,1,0.1107,
2026-01-10 12:00:00 UTC,1,0.1001,
2026-01-10 15:00:00 UTC,1,0.0994,
2026-01-10 18:00:00 UTC,1,0.1174,
2026-01-10 21:00:00 UTC,1,0.1103,
2026-01-11 0:00:00 UTC,1,0.0726,
2026-01-11 03:00:00 UTC,1,0.0797,
2026-01-11 06:00:00 UTC,1,0.1296,
2026-01-11 09:00:00 UTC,1,0.1054,
2026-01-11 12:00:00 UTC,1,0.1750,
2026-01-11 15:00:00 UTC,1,0.1078,
2026-01-11 18:00:00 UTC,1,0.1244,
2026-01-11 21:00:00 UTC,1,0.1235,
2026-01-12 0:00:00 UTC,1,0.1073,
2026-01-12 03:00:00 UTC,1,0.1194,
2026-01-12 06:00:00 UTC,1,0.0869,
2026-01-12 09:00:00 UTC,1,0.1010,
2026-01-12 12:00:00 UTC,1,0.0784,
2026-01-12 15:00:00 UTC,1,0.1507,
2026-01-12 18:00:00 UTC,1,0.1482,
2026-01-12 21:00:00 UTC,1,0.1078,
2026-01-13 0:00:00 UTC,1,0.1833,
2026-01-13 03:00:00 UTC,1,0.1090,
2026-01-13 06:00:00 UTC,1,0.1402,
2026-01-13 09:00:00 UTC,1,0.1317,
2026-01-13 12:00:00 UTC,1,0.1110,
2026-01-13 15:00:00 UTC,1,0.1496,
2026-01-13 18:00:00 UTC,1,0.1797,
2026-01-13 21:00:00 UTC,1,0.0779,
2026-01-14 0:00:00 UTC,1,0.1292,
2026-01-14 03:00:00 UTC,1,0.1960,
2026-01-14 06:00:00 UTC,1,0.1044,
2026-01-14 09:00:00 UTC,1,0.1028,
2026-01-14 12:00:00 UTC,1,0.1305,
2026-01-14 15:00:00 UTC,1,0.1499,
2026-01-14 18:00:00 UTC,1,0.1149,
2026-01-14 21:00:00 UTC,1,0.1193,
2026-01-15 0:00:00 UTC,1,0.1384,
2026-01-15 03:00:00 UTC,1,0.0526,
2026-01-15 06:00:00 UTC,1,0.1659,
2026-01-15 09:00:00 UTC,1,0.1184,
2026-01-15 12:00:00 UTC,1,0.1383,
2026-01-15 15:00:00 UTC,1,0.1394,
2026-01-15 18:00:00 UTC,1,0.0827,
2026-01-15 21:00:00 UTC,1,0.1771,
2026-01-16 0:00:00 UTC,1,0.1511,
2026-01-16 03:00:00 UTC,1,0.1165,
2026-01-16 06:00:00 UTC,1,0.1118,
2026-01-16 09:00:00 UTC,1,0.1037,
2026-01-16 12:00:00 UTC,1,0.1007,
2026-01-16 15:00:00 UTC,1,0.1515,
2026-01-16 18:00:00 UTC,1,0.1556,
2026-01-16 21:00:00 UTC,1,0.1081,
2026-01-17 0:00:00 UTC,1,0.1182,
2026-01-17 03:00:00 UTC,1,0.1142,
2026-01-17 06:00:00 UTC,1,0.1852,
2026-01-17 09:00:00 UTC,1,0.0944,
2026-01-17 12:00:00 UTC,1,0.0823,
2026-01-17 15:00:00 UTC,1,0.1425,
2026-01-17 18:00:00 UTC,1,0.1043,
2026-01-17 21:00:00 UTC,1,0.1076,
2026-01-18 0:00:00 UTC,1,0.1686,
2026-01-18 03:00:00 UTC,1,0.1086,
2026-01-18 06:00:00 UTC,1,0.1421,
2026-01-18 09:00:00 UTC,1,0.1399,
2026-01-18 12:00:00 UTC,1,0.1040,
2026-01-18 15:00:00 UTC,1,0.1173,
2026-01-18 18:00:00 UTC,1,0.1170,
2026-01-18 21:00:00 UTC,1,0.1602,
2026-01-19 0:00:00 UTC,1,0.0640,
2026-01-19 03:00:00 UTC,1,0.1170,
2026-01-19 06:00:00 UTC,1,0.1155,
2026-01-19 09:00:00 UTC,1,0.1004,
2026-01-19 12:00:00 UTC,1,0.1343,
2026-01-19 15:00:00 UTC,1,0.1335,
2026-01-19 18:00:00 UTC,1,0.1295,
2026-01-19 21:00:00 UTC,1,0.1059,
2026-01-20 0:00:00 UTC,1,0.1317,
2026-01-20 03:00:00 UTC,1,0.1475,
2026-01-20 06:00:00 UTC,1,0.1460,
2026-01-20 09:00:00 UTC,1,0.1324,
2026-01-20 12:00:00 UTC,1,0.1578,
2026-01-20 15:00:00 UTC,1,0.0207,
2026-01-20 18:00:00 UTC,1,0.0898,
2026-01-20 21:00:00 UTC,1,0.1539,
2026-01-21 0:00:00 UTC,1,0.1234,
2026-01-21 03:00:00 UTC,1,0.1221,
2026-01-21 06:00:00 UTC,1,0.1349,
2026-01-21 09:00:00 UTC,1,0.1195,
2026-01-21 12:00:00 UTC,1,0.1462,
2026-01-21 15:00:00 UTC,1,0.1181,
2026-01-21 18:00:00 UTC,1,0.1418,
2026-01-21 21:00:00 UTC,1,0.1373,
2026-01-22 0:00:00 UTC,1,0.1548,
2026-01-22 03:00:00 UTC,1,0.1270,
2026-01-22 06:00:00 UTC,1,0.1616,
2026-01-22 09:00:00 UTC,1,0.1358,
2026-01-22 12:00:00 UTC,1,0.0790,
2026-01-22 15:00:00 UTC,1,0.1565,
2026-01-22 18:00:00 UTC,1,0.1777,
2026-01-22 21:00:00 UTC,1,0.0988,
2026-01-23 0:00:00 UTC,1,0.2387,
2026-01-23 03:00:00 UTC,1,0.1356,
2026-01-23 06:00:00 UTC,1,0.1551,
2026-01-23 09:00:00 UTC,1,0.0789,
2026-01-23 12:00:00 UTC,1,0.1568,
2026-01-23 15:00:00 UTC,1,0.1380,
2026-01-23 18:00:00 UTC,1,0.1324,
2026-01-23 21:00:00 UTC,1,0.2219,
2026-01-24 0:00:00 UTC,1,0.1381,
2026-01-24 03:00:00 UTC,1,0.1333,
2026-01-24 06:00:00 UTC,1,0.0561,
2026-01-24 09:00:00 UTC,1,0.1325,
2026-01-24 12:00:00 UTC,1,0.1495,
2026-01-24 15:00:00 UTC,1,0.1176,
2026-01-24 18:00:00 UTC,1,0.1386,
2026-01-24 21:00:00 UTC,1,0.1390,
2026-01-25 0:00:00 UTC,1,0.1131,
2026-01-25 03:00:00 UTC,1,0.1338,
2026-01-25 06:00:00 UTC,1,0.1281,
2026-01-25 09:00:00 UTC,1,0.1204,
2026-01-25 12:00:00 UTC,1,0.1380,
2026-01-25 15:00:00 UTC,1,0.0661,
2026-01-25 18:00:00 UTC,1,0.1133,
2026-01-25 21:00:00 UTC,1,0.1257,
2026-01-26 0:00:00 UTC,1,0.1750,
2026-01-26 03:00:00 UTC,1,0.1375,
2026-01-26 06:00:00 UTC,1,0.1464,
2026-01-26 09:00:00 UTC,1,0.1112,
2026-01-26 12:00:00 UTC,1,0.1194,
2026-01-26 15:00:00 UTC,1,0.1177,
2026-01-26 18:00:00 UTC,1,0.1756,
2026-01-26 21:00:00 UTC,1,0.1248,
2026-01-27 0:00:00 UTC,1,0.1613,
2026-01-27 03:00:00 UTC,1,0.1475,
2026-01-27 06:00:00 UTC,1,0.1617,
2026-01-27 09:00:00 UTC,1,0.0637,
2026-01-27 12:00:00 UTC,1,0.2028,
2026-01-27 15:00:00 UTC,1,0.1652,
2026-01-27 18:00:00 UTC,1,0.1190,
2026-01-27 21:00:00 UTC,1,0.0829,
2026-01-28 0:00:00 UTC,1,0.1155,
2026-01-28 03:00:00 UTC,1,0.1339,
2026-01-28 06:00:00 UTC,1,0.1317,
2026-01-28 09:00:00 UTC,1,0.1254,
2026-01-28 12:00:00 UTC,1,0.1839,
2026-01-28 15:00:00 UTC,1,0.1346,
2026-01-28 18:00:00 UTC,1,0.1457,
2026-01-28 21:00:00 UTC,1,0.1361,
2026-01-29 0:00:00 UTC,1,0.0798,
2026-01-29 03:00:00 UTC,1,0.1274,
2026-01-29 06:00:00 UTC,1,0.1486,
2026-01-29 09:00:00 UTC,1,0.1460,
2026-01-29 12:00:00 UTC,1,0.1029,
2026-01-29 15:00:00 UTC,1,0.1341,
2026-01-29 18:00:00 UTC,1,0.1345,
2026-01-29 21:00:00 UTC,1,0.1388,
2026-01-30 0:00:00 UTC,1,0.1327,
2026-01-30 03:00:00 UTC,1,0.1424,
2026-01-30 06:00:00 UTC,1,0.1454,
2026-01-30 09:00:00 UTC,1,0.1777,
2026-01-30 12:00:00 UTC,1,0.1186,
2026-01-30 15:00:00 UTC,1,0.1577,
2026-01-30 18:00:00 UTC,1,0.1246,
2026-01-30 21:00:00 UTC,1,0.1469,
2026-01-31 0:00:00 UTC,1,0.1201,
2026-01-31 03:00:00 UTC,1,0.0883,
2026-01-31 06:00:00 UTC,1,0.1514,
2026-01-31 09:00:00 UTC,1,0.1230,
2026-01-31 12:00:00 UTC,1,0.1340,
2026-01-31 15:00:00 UTC,1,0.1029,
2026-01-31 18:00:00 UTC,1,0.1075,
2026-01-31 21:00:00 UTC,1,0.0978,
2026-02-01 0:00:00 UTC,1,0.1840,
2026-02-01 03:00:00 UTC,1,0.1768,
2026-02-01 06:00:00 UTC,1,0.1910,
2026-02-01 09:00:00 UTC,1,0.1230,
2026-02-01 12:00:00 UTC,1,0.1604,
2026-02-01 15:00:00 UTC,1,0.1203,
2026-02-01 18:00:00 UTC,1,0.1601,
2026-02-01 21:00:00 UTC,1,0.1248,
2026-02-02 0:00:00 UTC,1,0.1593,
2026-02-02 03:00:00 UTC,1,0.1007,
2026-02-02 06:00:00 UTC,1,0.1558,
2026-02-02 09:00:00 UTC,1,0.0885,
2026-02-02 12:00:00 UTC,1,0.1704,
2026-02-02 15:00:00 UTC,1,0.1210,
2026-02-02 18:00:00 UTC,1,0.0676,
2026-02-02 21:00:00 UTC,1,0.0971,
2026-02-03 0:00:00 UTC,1,0.1369,
2026-02-03 03:00:00 UTC,1,0.1257,
2026-02-03 06:00:00 UTC,1,0.1120,
2026-02-03 09:00:00 UTC,1,0.1119,
2026-02-03 12:00:00 UTC,1,0.1397,
2026-02-03 15:00:00 UTC,1,0.1451,
2026-02-03 18:00:00 UTC,1,0.1062,
2026-02-03 21:00:00 UTC,1,0.1614,
2026-02-04 0:00:00 UTC,1,0.0943,
2026-02-04 03:00:00 UTC,1,0.1108,
2026-02-04 06:00:00 UTC,1,0.0648,
2026-02-04 09:00:00 UTC,1,0.1308,
2026-02-04 12:00:00 UTC,1,0.1542,
2026-02-04 15:00:00 UTC,1,0.1474,
2026-02-04 18:00:00 UTC,1,0.1274,
2026-02-04 21:00:00 UTC,1,0.1011,
2026-02-05 0:00:00 UTC,1,0.1294,
2026-02-05 03:00:00 UTC,1,0.1169,
2026-02-05 06:00:00 UTC,1,0.1235,
2026-02-05 09:00:00 UTC,1,0.1196,
2026-02-05 12:00:00 UTC,1,0.1994,
2026-02-05 15:00:00 UTC,1,0.1208,
2026-02-05 18:00:00 UTC,1,0.1057,
2026-02-05 21:00:00 UTC,1,0.1550,
2026-02-06 0:00:00 UTC,1,0.1609,
2026-02-06 03:00:00 UTC,1,0.1545,
2026-02-06 06:00:00 UTC,1,0.1353,
2026-02-06 09:00:00 UTC,1,0.1144,
2026-02-06 12:00:00 UTC,1,0.1190,
2026-02-06 15:00:00 UTC,1,0.1270,
2026-02-06 18:00:00 UTC,1,0.1066,
2026-02-06 21:00:00 UTC,1,0.1180,
2026-02-07 0:00:00 UTC,1,0.0790,
2026-02-07 03:00:00 UTC,1,0.0950,
2026-02-07 06:00:00 UTC,1,0.1631,
2026-02-07 09:00:00 UTC,1,0.1014,
2026-02-07 12:00:00 UTC,1,0.1258,
2026-02-07 15:00:00 UTC,1,0.1387,
2026-02-07 18:00:00 UTC,1,0.1598,
2026-02-07 21:00:00 UTC,1,0.1149,
2026-02-08 0:00:00 UTC,1,0.1078,
2026-02-08 03:00:00 UTC,1,0.1748,
2026-02-08 06:00:00 UTC,1,0.1245,
2026-02-08 09:00:00 UTC,1,0.1077,
2026-02-08 12:00:00 UTC,1,0.1109,
2026-02-08 15:00:00 UTC,1,0.1221,
2026-02-08 18:00:00 UTC,1,0.0953,
2026-02-08 21:00:00 UTC,1,0.1219,
2026-02-09 0:00:00 UTC,1,0.1148,
2026-02-09 03:00:00 UTC,1,0.1480,
2026-02-09 06:00:00 UTC,1,0.1264,
2026-02-09 09:00:00 UTC,1,0.1504,
2026-02-09 12:00:00 UTC,1,0.1134,
2026-02-09 15:00:00 UTC,1,0.1190,
2026-02-09 18:00:00 UTC,1,0.1733,
2026-02-09 21:00:00 UTC,1,0.1533,
2026-02-10 0:00:00 UTC,1,0.1403,
2026-02-10 03:00:00 UTC,1,0.1406,
2026-02-10 06:00:00 UTC,1,0.0883,
2026-02-10 09:00:00 UTC,1,0.0688,
2026-02-10 12:00:00 UTC,1,0.1510,
2026-02-10 15:00:00 UTC,1,0.0923,
2026-02-10 18:00:00 UTC,1,0.0930,
2026-02-10 21:00:00 UTC,1,0.1599,
2026-02-11 0:00:00 UTC,1,0.1784,
2026-02-11 03:00:00 UTC,1,0.1769,
2026-02-11 06:00:00 UTC,1,0.1355,
2026-02-11 09:00:00 UTC,1,0.1264,
2026-02-11 12:00:00 UTC,1,0.1265,
2026-02-11 15:00:00 UTC,1,0.1136,
2026-02-11 18:00:00 UTC,1,0.1678,
2026-02-11 21:00:00 UTC,1,0.1446,
2026-02-12 0:00:00 UTC,1,0.1874,
2026-02-12 03:00:00 UTC,1,0.0944,
2026-02-12 06:00:00 UTC,1,0.1430,
2026-02-12 09:00:00 UTC,1,0.1502,
2026-02-12 12:00:00 UTC,1,0.1190,
2026-02-12 15:00:00 UTC,1,0.1433,
2026-02-12 18:00:00 UTC,1,0.1003,
2026-02-12 21:00:00 UTC,1,0.1178,
2026-02-13 0:00:00 UTC,1,0.1080,
2026-02-13 03:00:00 UTC,1,0.1555,
2026-02-13 06:00:00 UTC,1,0.1133,
2026-02-13 09:00:00 UTC,1,0.1244,
2026-02-13 12:00:00 UTC,1,0.1213,
2026-02-13 15:00:00 UTC,1,0.0897,
2026-02-13 18:00:00 UTC,1,0.1653,
2026-02-13 21:00:00 UTC,1,0.1615,
2026-02-14 0:00:00 UTC,1,0.1174,
2026-02-14 03:00:00 UTC,1,0.1824,
2026-02-14 06:00:00 UTC,1,0.1537,
2026-02-14 09:00:00 UTC,1,0.1820,
2026-02-14 12:00:00 UTC,1,0.1273,
2026-02-14 15:00:00 UTC,1,0.0732,
2026-02-14 18:00:00 UTC,1,0.0842,
2026-02-14 21:00:00 UTC,1,0.1422,
2026-02-15 0:00:00 UTC,1,0.1449,
2026-02-15 03:00:00 UTC,1,0.1181,
2026-02-15 06:00:00 UTC,1,0.1337,
2026-02-15 09:00:00 UTC,1,0.1344,
2026-02-15 12:00:00 UTC,1,0.1678,
2026-02-15 15:00:00 UTC,1,0.0594,
2026-02-15 18:00:00 UTC,1,0.0781,
2026-02-15 21:00:00 UTC,1,0.1247,
2026-02-16 0:00:00 UTC,1,0.0966,
2026-02-16 03:00:00 UTC,1,0.1697,
2026-02-16 06:00:00 UTC,1,0.1137,
2026-02-16 09:00:00 UTC,1,0.1338,
2026-02-16 12:00:00 UTC,1,0.1254,
2026-02-16 15:00:00 UTC,1,0.1485,
2026-02-16 18:00:00 UTC,1,0.1087,
2026-02-16 21:00:00 UTC,1,0.1144,
2026-02-17 0:00:00 UTC,1,0.1282,
2026-02-17 03:00:00 UTC,1,0.1069,
2026-02-17 06:00:00 UTC,1,0.1465,
2026-02-17 09:00:00 UTC,1,0.1331,
2026-02-17 12:00:00 UTC,1,0.1485,
2026-02-17 15:00:00 UTC,1,0.1260,
2026-02-17 18:00:00 UTC,1,0.0989,
2026-02-17 21:00:00 UTC,1,0.0988,
2026-02-18 0:00:00 UTC,1,0.1013,
2026-02-18 03:00:00 UTC,1,0.1611,
2026-02-18 06:00:00 UTC,1,0.1641,
2026-02-18 09:00:00 UTC,1,0.1118,
2026-02-18 12:00:00 UTC,1,0.1242,
2026-02-18 15:00:00 UTC,1,0.1032,
2026-02-18 18:00:00 UTC,1,0.1417,
2026-02-18 21:00:00 UTC,1,0.1356,
2026-02-19 0:00:00 UTC,1,0.1127,
2026-02-19 03:00:00 UTC,1,0.1284,
2026-02-19 06:00:00 UTC,1,0.1515,
2026-02-19 09:00:00 UTC,1,0.1230,
2026-02-19 12:00:00 UTC,1,0.1332,
2026-02-19 15:00:00 UTC,1,0.1015,
2026-02-19 18:00:00 UTC,1,0.1612,
2026-02-19 21:00:00 UTC,1,0.1163,
2026-02-20 0:00:00 UTC,1,0.1294,
2026-02-20 03:00:00 UTC,1,0.1273,
2026-02-20 06:00:00 UTC,1,0.1935,
2026-02-20 09:00:00 UTC,1,0.1049,
2026-02-20 12:00:00 UTC,1,0.1267,
2026-02-20 15:00:00 UTC,1,0.1505,
2026-02-20 18:00:00 UTC,1,0.1025,
2026-02-20 21:00:00 UTC,1,0.1277,
2026-02-21 0:00:00 UTC,1,0.1325,
2026-02-21 03:00:00 UTC,1,0.1219,
2026-02-21 06:00:00 UTC,1,0.1189,
2026-02-21 09:00:00 UTC,1,0.0969,
2026-02-21 12:00:00 UTC,1,0.2141,
2026-02-21 15:00:00 UTC,1,0.1312,
2026-02-21 18:00:00 UTC,1,0.1362,
2026-02-21 21:00:00 UTC,1,0.1328,
2026-02-22 0:00:00 UTC,1,0.1102,
2026-02-22 03:00:00 UTC,1,0.1268,
2026-02-22 06:00:00 UTC,1,0.1423,
2026-02-22 09:00:00 UTC,1,0.1640,
2026-02-22 12:00:00 UTC,1,0.1782,
2026-02-22 15:00:00 UTC,1,0.0913,
2026-02-22 18:00:00 UTC,1,0.1169,
2026-02-22 21:00:00 UTC,1,0.0986,
2026-02-23 0:00:00 UTC,1,0.1610,
2026-02-23 03:00:00 UTC,1,0.1416,
2026-02-23 06:00:00 UTC,1,0.1587,
2026-02-23 09:00:00 UTC,1,0.1219,
2026-02-23 12:00:00 UTC,1,0.0988,
2026-02-23 15:00:00 UTC,1,0.1196,
2026-02-23 18:00:00 UTC,1,0.1067,
2026-02-23 21:00:00 UTC,1,0.1317,
2026-02-24 0:00:00 UTC,1,0.1603,
2026-02-24 03:00:00 UTC,1,0.1679,
2026-02-24 06:00:00 UTC,1,0.1213,
2026-02-24 09:00:00 UTC,1,0.1002,
2026-02-24 12:00:00 UTC,1,0.1374,
2026-02-24 15:00:00 UTC,1,0.1249,
2026-02-24 18:00:00 UTC,1,0.1049,
2026-02-24 21:00:00 UTC,1,0.1444,
2026-02-25 0:00:00 UTC,1,0.0739,
2026-02-25 03:00:00 UTC,1,0.1248,
2026-02-25 06:00:00 UTC,1,0.0868,
2026-02-25 09:00:00 UTC,1,0.1279,
2026-02-25 12:00:00 UTC,1,0.0890,
2026-02-25 15:00:00 UTC,1,0.0861,
2026-02-25 18:00:00 UTC,1,0.1294,
2026-02-25 21:00:00 UTC,1,0.1686,
2026-02-26 0:00:00 UTC,1,0.0463,
2026-02-26 03:00:00 UTC,1,0.0907,
2026-02-26 06:00:00 UTC,1,0.1743,
2026-02-26 09:00:00 UTC,1,0.1424,
2026-02-26 12:00:00 UTC,1,0.1449,
2026-02-26 15:00:00 UTC,1,0.1936,
2026-02-26 18:00:00 UTC,1,0.1151,
2026-02-26 21:00:00 UTC,1,0.1437,
2026-02-27 0:00:00 UTC,1,0.1191,
2026-02-27 03:00:00 UTC,1,0.1586,
2026-02-27 06:00:00 UTC,1,0.1420,
2026-02-27 09:00:00 UTC,1,0.1145,
2026-02-27 12:00:00 UTC,1,0.1616,
2026-02-27 15:00:00 UTC,1,0.1030,
2026-02-27 18:00:00 UTC,1,0.1405,
2026-02-27 21:00:00 UTC,1,0.1292,
2026-02-28 0:00:00 UTC,1,0.1397,
2026-02-28 03:00:00 UTC,1,0.1391,
2026-02-28 06:00:00 UTC,1,0.1450,
2026-02-28 09:00:00 UTC,1,0.1305,
2026-02-28 12:00:00 UTC,1,0.0822,
2026-02-28 15:00:00 UTC,1,0.1537,
2026-02-28 18:00:00 UTC,1,0.0606,
2026-02-28 21:00:00 UTC,1,0.1636,
2026-03-01 0:00:00 UTC,1,0.0976,
2026-03-01 03:00:00 UTC,1,0.1703,
2026-03-01 06:00:00 UTC,1,0.1466,
2026-03-01 09:00:00 UTC,1,0.1007,
2026-03-01 12:00:00 UTC,1,0.1715,
2026-03-01 15:00:00 UTC,1,0.1103,
2026-03-01 18:00:00 UTC,1,0.1236,
2026-03-01 21:00:00 UTC,1,0.1152,
2026-03-02 0:00:00 UTC,1,0.1234,
2026-03-02 03:00:00 UTC,1,0.0683,
2026-03-02 06:00:00 UTC,1,0.1747,
2026-03-02 09:00:00 UTC,1,0.1230,
2026-03-02 12:00:00 UTC,1,0.1570,
2026-03-02 15:00:00 UTC,1,0.1000,
2026-03-02 18:00:00 UTC,1,0.1278,
2026-03-02 21:00:00 UTC,1,0.1686,
2026-03-03 0:00:00 UTC,1,0.1864,
2026-03-03 03:00:00 UTC,1,0.1269,
2026-03-03 06:00:00 UTC,1,0.1282,
2026-03-03 09:00:00 UTC,1,0.1628,
2026-03-03 12:00:00 UTC,1,0.1220,
2026-03-03 15:00:00 UTC,1,0.1238,
2026-03-03 18:00:00 UTC,1,0.1730,
2026-03-03 21:00:00 UTC,1,0.1299,
2026-03-04 0:00:00 UTC,1,0.1056,
2026-03-04 03:00:00 UTC,1,0.1795,
2026-03-04 06:00:00 UTC,1,0.1301,
2026-03-04 09:00:00 UTC,1,0.1216,
2026-03-04 12:00:00 UTC,1,0.1622,
2026-03-04 15:00:00 UTC,1,0.1039,
2026-03-04 18:00:00 UTC,1,0.1544,
2026-03-04 21:00:00 UTC,1,0.1046,
2026-03-05 0:00:00 UTC,1,0.0842,
2026-03-05 03:00:00 UTC,1,0.1682,
2026-03-05 06:00:00 UTC,1,0.1291,
2026-03-05 09:00:00 UTC,1,0.1216,
2026-03-05 12:00:00 UTC,1,0.1770,
2026-03-05 15:00:00 UTC,1,0.1178,
2026-03-05 18:00:00 UTC,1,0.1611,
2026-03-05 21:00:00 UTC,1,0.1264,
2026-03-06 0:00:00 UTC,1,0.1184,
2026-03-06 03:00:00 UTC,1,0.1427,
2026-03-06 06:00:00 UTC,1,0.1693,
2026-03-06 09:00:00 UTC,1,0.1884,
2026-03-06 12:00:00 UTC,1,0.1424,
2026-03-06 15:00:00 UTC,1,0.1112,
2026-03-06 18:00:00 UTC,1,0.1798,
2026-03-06 21:00:00 UTC,1,0.1766,
2026-03-07 0:00:00 UTC,1,0.1328,
2026-03-07 03:00:00 UTC,1,0.1469,
2026-03-07 06:00:00 UTC,1,0.1730,
2026-03-07 09:00:00 UTC,1,0.1682,
2026-03-07 12:00:00 UTC,1,0.1447,
2026-03-07 15:00:00 UTC,1,0.1149,
2026-03-07 18:00:00 UTC,1,0.1404,
2026-03-07 21:00:00 UTC,1,0.1007,
2026-03-08 0:00:00 UTC,1,0.1143,
2026-03-08 03:00:00 UTC,1,0.1114,
2026-03-08 06:00:00 UTC,1,0.1250,
2026-03-08 09:00:00 UTC,1,0.1167,
2026-03-08 12:00:00 UTC,1,0.1551,
2026-03-08 15:00:00 UTC,1,0.1231,
2026-03-08 18:00:00 UTC,1,0.1305,
2026-03-08 21:00:00 UTC,1,0.1013,
2026-03-09 0:00:00 UTC,1,0.1039,
2026-03-09 03:00:00 UTC,1,0.1450,
2026-03-09 06:00:00 UTC,1,0.1050,
2026-03-09 09:00:00 UTC,1,0.1280,
2026-03-09 12:00:00 UTC,1,0.1384,
2026-03-09 15:00:00 UTC,1,0.1412,
2026-03-09 18:00:00 UTC,1,0.1225,
2026-03-09 21:00:00 UTC,1,0.1110,
2026-03-10 0:00:00 UTC,1,0.1675,
2026-03-10 03:00:00 UTC,1,0.1464,
2026-03-10 06:00:00 UTC,1,0.1090,
2026-03-10 09:00:00 UTC,1,0.1665,
2026-03-10 12:00:00 UTC,1,0.1343,
2026-03-10 15:00:00 UTC,1,0.1261,
2026-03-10 18:00:00 UTC,1,0.1046,
2026-03-10 21:00:00 UTC,1,0.0973,
2026-03-11 0:00:00 UTC,1,0.1034,
2026-03-11 03:00:00 UTC,1,0.1439,
2026-03-11 06:00:00 UTC,1,0.1503,
2026-03-11 09:00:00 UTC,1,0.1259,
2026-03-11 12:00:00 UTC,1,0.0323,
2026-03-11 15:00:00 UTC,1,0.0967,
2026-03-11 18:00:00 UTC,1,0.1730,
2026-03-11 21:00:00 UTC,1,0.1626,
2026-03-12 0:00:00 UTC,1,0.1250,
2026-03-12 03:00:00 UTC,1,0.0794,
2026-03-12 06:00:00 UTC,1,0.1254,
2026-03-12 09:00:00 UTC,1,0.1253,
2026-03-12 12:00:00 UTC,1,0.0737,
2026-03-12 15:00:00 UTC,1,0.1444,
2026-03-12 18:00:00 UTC,1,0.1382,
2026-03-12 21:00:00 UTC,1,0.1437,
2026-03-13 0:00:00 UTC,1,0.1738,
2026-03-13 03:00:00 UTC,1,0.1964,
2026-03-13 06:00:00 UTC,1,0.0975,
2026-03-13 09:00:00 UTC,1,0.0988,
2026-03-13 12:00:00 UTC,1,0.1161,
2026-03-13 15:00:00 UTC,1,0.1580,
2026-03-13 18:00:00 UTC,1,0.1632,
2026-03-13 21:00:00 UTC,1,0.1056,
2026-03-14 0:00:00 UTC,1,0.1493,
2026-03-14 03:00:00 UTC,1,0.1380,
2026-03-14 06:00:00 UTC,1,0.1015,
2026-03-14 09:00:00 UTC,1,0.1493,
2026-03-14 12:00:00 UTC,1,0.0891,
2026-03-14 15:00:00 UTC,1,0.1089,
2026-03-14 18:00:00 UTC,1,0.0855,
2026-03-14 21:00:00 UTC,1,0.1330,
2026-03-15 0:00:00 UTC,1,0.1234,
2026-03-15 03:00:00 UTC,1,0.1346,
2026-03-15 06:00:00 UTC,1,0.0568,
2026-03-15 09:00:00 UTC,1,0.1220,
2026-03-15 12:00:00 UTC,1,0.0832,
2026-03-15 15:00:00 UTC,1,0.1153,
2026-03-15 18:00:00 UTC,1,0.0964,
2026-03-15 21:00:00 UTC,1,0.1344,
2026-03-16 0:00:00 UTC,1,0.1497,
2026-03-16 03:00:00 UTC,1,0.1743,
2026-03-16 06:00:00 UTC,1,0.1296,
2026-03-16 09:00:00 UTC,1,0.1130,
2026-03-16 12:00:00 UTC,1,0.0932,
2026-03-16 15:00:00 UTC,1,0.1141,
2026-03-16 18:00:00 UTC,1,0.1273,
2026-03-16 21:00:00 UTC,1,0.1365,
2026-03-17 0:00:00 UTC,1,0.1112,
2026-03-17 03:00:00 UTC,1,0.1357,
2026-03-17 06:00:00 UTC,1,0.1264,
2026-03-17 09:00:00 UTC,1,0.1217,
2026-03-17 12:00:00 UTC,1,0.1758,
2026-03-17 15:00:00 UTC,1,0.1405,
2026-03-17 18:00:00 UTC,1,0.0837,
2026-03-17 21:00:00 UTC,1,0.1571,
2026-03-18 0:00:00 UTC,1,0.1010,
2026-03-18 03:00:00 UTC,1,0.1159,
2026-03-18 06:00:00 UTC,1,0.1112,
2026-03-18 09:00:00 UTC,1,0.0866,
2026-03-18 12:00:00 UTC,1,0.1141,
2026-03-18 15:00:00 UTC,1,0.1185,
2026-03-18 18:00:00 UTC,1,0.1274,
2026-03-18 21:00:00 UTC,1,0.1119,
2026-03-19 0:00:00 UTC,1,0.0979,
2026-03-19 03:00:00 UTC,1,0.1361,
2026-03-19 06:00:00 UTC,1,0.1463,
2026-03-19 09:00:00 UTC,1,0.1510,
2026-03-19 12:00:00 UTC,1,0.0361,
2026-03-19 15:00:00 UTC,1,0.0942,
2026-03-19 18:00:00 UTC,1,0.1420,
2026-03-19 21:00:00 UTC,1,0.0826,
2026-03-20 0:00:00 UTC,1,0.1007,
2026-03-20 03:00:00 UTC,1,0.1276,
2026-03-20 06:00:00 UTC,1,0.1038,
2026-03-20 09:00:00 UTC,1,0.1437,
2026-03-20 12:00:00 UTC,1,0.0860,
2026-03-20 15:00:00 UTC,1,0.1117,
2026-03-20 18:00:00 UTC,1,0.1030,
2026-03-20 21:00:00 UTC,1,0.1251,
2026-03-21 0:00:00 UTC,1,0.0991,
2026-03-21 03:00:00 UTC,1,0.1027,
2026-03-21 06:00:00 UTC,1,0.1673,
2026-03-21 09:00:00 UTC,1,0.0901,
2026-03-21 12:00:00 UTC,1,0.1510,
2026-03-21 15:00:00 UTC,1,0.1231,
2026-03-21 18:00:00 UTC,1,0.1635,
2026-03-21 21:00:00 UTC,1,0.1263,
2026-03-22 0:00:00 UTC,1,0.1036,
2026-03-22 03:00:00 UTC,1,0.1715,
2026-03-22 06:00:00 UTC,1,0.1746,
2026-03-22 09:00:00 UTC,1,0.0893,
2026-03-22 12:00:00 UTC,1,0.1334,
2026-03-22 15:00:00 UTC,1,0.1087,
2026-03-22 18:00:00 UTC,1,0.1714,
2026-03-22 21:00:00 UTC,1,0.1086,
2026-03-23 0:00:00 UTC,1,0.1380,
2026-03-23 03:00:00 UTC,1,0.1859,
2026-03-23 06:00:00 UTC,1,0.1414,
2026-03-23 09:00:00 UTC,1,0.1594,
2026-03-23 12:00:00 UTC,1,0.1423,
2026-03-23 15:00:00 UTC,1,0.1179,
2026-03-23 18:00:00 UTC,1,0.0711,
2026-03-23 21:00:00 UTC,1,0.0896,
2026-03-24 0:00:00 UTC,1,0.1613,
2026-03-24 03:00:00 UTC,1,0.1512,
2026-03-24 06:00:00 UTC,1,0.1028,
2026-03-24 09:00:00 UTC,1,0.2039,
2026-03-24 12:00:00 UTC,1,0.1308,
2026-03-24 15:00:00 UTC,1,0.1155,
2026-03-24 18:00:00 UTC,1,0.1278,
2026-03-24 21:00:00 UTC,1,0.1232,
2026-03-25 0:00:00 UTC,1,0.1120,
2026-03-25 03:00:00 UTC,1,0.1439,
2026-03-25 06:00:00 UTC,1,0.1326,
2026-03-25 09:00:00 UTC,1,0.1098,
2026-03-25 12:00:00 UTC,1,0.1621,
2026-03-25 15:00:00 UTC,1,0.1328,
2026-03-25 18:00:00 UTC,1,0.1173,
2026-03-25 21:00:00 UTC,1,0.0866,
2026-03-26 0:00:00 UTC,1,0.1299,
2026-03-26 03:00:00 UTC,1,0.0997,
2026-03-26 06:00:00 UTC,1,0.1880,
2026-03-26 09:00:00 UTC,1,0.1295,
2026-03-26 12:00:00 UTC,1,0.1740,
2026-03-26 15:00:00 UTC,1,0.1106,
2026-03-26 18:00:00 UTC,1,0.1259,
2026-03-26 21:00:00 UTC,1,0.1315,
2026-03-27 0:00:00 UTC,1,0.1905,
2026-03-27 03:00:00 UTC,1,0.1001,
2026-03-27 06:00:00 UTC,1,0.1160,
2026-03-27 09:00:00 UTC,1,0.0900,
2026-03-27 12:00:00 UTC,1,0.1727,
2026-03-27 15:00:00 UTC,1,0.1741,
2026-03-27 18:00:00 UTC,1,0.1163,
2026-03-27 21:00:00 UTC,1,0.1489,
2026-03-28 0:00:00 UTC,1,0.1310,
2026-03-28 03:00:00 UTC,1,0.1398,
2026-03-28 06:00:00 UTC,1,0.1664,
2026-03-28 09:00:00 UTC,1,0.1593,
2026-03-28 12:00:00 UTC,1,0.0857,
2026-03-28 15:00:00 UTC,1,0.1459,
2026-03-28 18:00:00 UTC,1,0.1470,
2026-03-28 21:00:00 UTC,1,0.1211,
2026-03-29 0:00:00 UTC,1,0.1020,
2026-03-29 03:00:00 UTC,1,0.1046,
2026-03-29 06:00:00 UTC,1,0.1382,
2026-03-29 09:00:00 UTC,1,0.1132,
2026-03-29 12:00:00 UTC,1,0.1230,
2026-03-29 15:00:00 UTC,1,0.1200,
2026-03-29 18:00:00 UTC,1,0.1502,
2026-03-29 21:00:00 UTC,1,0.1889,
2026-03-30 0:00:00 UTC,1,0.1681,
2026-03-30 03:00:00 UTC,1,0.1274,
2026-03-30 06:00:00 UTC,1,0.1527,
2026-03-30 09:00:00 UTC,1,0.1402,
2026-03-30 12:00:00 UTC,1,0.1060,
2026-03-30 15:00:00 UTC,1,0.1487,
2026-03-30 18:00:00 UTC,1,0.1480,
2026-03-30 21:00:00 UTC,1,0.1178,
2026-03-31 0:00:00 UTC,1,0.1297,
2026-03-31 03:00:00 UTC,1,0.0944,
2026-03-31 06:00:00 UTC,1,0.1308,
2026-03-31 09:00:00 UTC,1,0.1342,
2026-03-31 12:00:00 UTC,1,0.1058,
2026-03-31 15:00:00 UTC,1,0.0899,
2026-03-31 18:00:00 UTC,1,0.1058,
2026-03-31 21:00:00 UTC,1,0.1288,
2026-04-01 0:00:00 UTC,1,0.0966,
2026-04-01 03:00:00 UTC,1,0.0893,
2026-04-01 06:00:00 UTC,1,0.0782,
2026-04-01 09:00:00 UTC,1,0.1209,
2026-04-01 12:00:00 UTC,1,0.1345,
2026-04-01 15:00:00 UTC,1,0.1179,
2026-04-01 18:00:00 UTC,1,0.1418,
2026-04-01 21:00:00 UTC,1,0.2136,
2026-04-02 0:00:00 UTC,1,0.1138,
2026-04-02 03:00:00 UTC,1,0.2248,
2026-04-02 06:00:00 UTC,1,0.1364,
2026-04-02 09:00:00 UTC,1,0.1097,
2026-04-02 12:00:00 UTC,1,0.1385,
2026-04-02 15:00:00 UTC,1,0.1555,
2026-04-02 18:00:00 UTC,1,0.1671,
2026-04-02 21:00:00 UTC,1,0.1368,
2026-04-03 0:00:00 UTC,1,0.1368,
2026-04-03 03:00:00 UTC,1,0.0915,
2026-04-03 06:00:00 UTC,1,0.1683,
2026-04-03 09:00:00 UTC,1,0.1757,
2026-04-03 12:00:00 UTC,1,0.1380,
2026-04-03 15:00:00 UTC,1,0.1341,
2026-04-03 18:00:00 UTC,1,0.1007,
2026-04-03 21:00:00 UTC,1,0.1130,
2026-04-04 0:00:00 UTC,1,0.1141,
2026-04-04 03:00:00 UTC,1,0.0882,
2026-04-04 06:00:00 UTC,1,0.1160,
2026-04-04 09:00:00 UTC,1,0.0729,
2026-04-04 12:00:00 UTC,1,0.1227,
2026-04-04 15:00:00 UTC,1,0.0666,
2026-04-04 18:00:00 UTC,1,0.1344,
2026-04-04 21:00:00 UTC,1,0.0808,
2026-04-05 0:00:00 UTC,1,0.0711,
2026-04-05 03:00:00 UTC,1,0.1397,
2026-04-05 06:00:00 UTC,1,0.1181,
2026-04-05 09:00:00 UTC,1,0.1415,
2026-04-05 12:00:00 UTC,1,0.1325,
2026-04-05 15:00:00 UTC,1,0.1446,
2026-04-05 18:00:00 UTC,1,0.1164,
2026-04-05 21:00:00 UTC,1,0.1439,
2026-04-06 0:00:00 UTC,1,0.1296,
2026-04-06 03:00:00 UTC,1,0.1394,
2026-04-06 06:00:00 UTC,1,0.0924,
2026-04-06 09:00:00 UTC,1,0.1706,
2026-04-06 12:00:00 UTC,1,0.1092,
2026-04-06 15:00:00 UTC,1,0.0500,
2026-04-06 18:00:00 UTC,1,0.1094,
2026-04-06 21:00:00 UTC,1,0.1684,
2026-04-07 0:00:00 UTC,1,0.1676,
2026-04-07 03:00:00 UTC,1,0.1584,
2026-04-07 06:00:00 UTC,1,0.1233,
2026-04-07 09:00:00 UTC,1,0.1574,
2026-04-07 12:00:00 UTC,1,0.0821,
2026-04-07 15:00:00 UTC,1,0.0645,
2026-04-07 18:00:00 UTC,1,0.1149,
2026-04-07 21:00:00 UTC,1,0.1433,
2026-04-08 0:00:00 UTC,1,0.1499,
2026-04-08 03:00:00 UTC,1,0.0783,
2026-04-08 06:00:00 UTC,1,0.1422,
2026-04-08 09:00:00 UTC,1,0.1599,
2026-04-08 12:00:00 UTC,1,0.1089,
2026-04-08 15:00:00 UTC,1,0.1541,
2026-04-08 18:00:00 UTC,1,0.1203,
2026-04-08 21:00:00 UTC,1,0.0897,
2026-04-09 0:00:00 UTC,1,0.1320,
2026-04-09 03:00:00 UTC,1,0.1293,
2026-04-09 06:00:00 UTC,1,0.1732,
2026-04-09 09:00:00 UTC,1,0.1355,
2026-04-09 12:00:00 UTC,1,0.1714,
2026-04-09 15:00:00 UTC,1,0.1277,
2026-04-09 18:00:00 UTC,1,0.1366,
2026-04-09 21:00:00 UTC,1,0.1697,
2026-04-10 0:00:00 UTC,1,0.1160,
2026-04-10 03:00:00 UTC,1,0.1249,
2026-04-10 06:00:00 UTC,1,0.1755,
2026-04-10 09:00:00 UTC,1,0.1015,
2026-04-10 12:00:00 UTC,1,0.1322,
2026-04-10 15:00:00 UTC,1,0.1146,
2026-04-10 18:00:00 UTC,1,0.1278,
2026-04-10 21:00:00 UTC,1,0.1429,
2026-04-11 0:00:00 UTC,1,0.1413,
2026-04-11 03:00:00 UTC,1,0.1021,
2026-04-11 06:00:00 UTC,1,0.1075,
2026-04-11 09:00:00 UTC,1,0.1700,
2026-04-11 12:00:00 UTC,1,0.1305,
2026-04-11 15:00:00 UTC,1,0.1720,
2026-04-11 18:00:00 UTC,1,0.1381,
2026-04-11 21:00:00 UTC,1,0.1010,
2026-04-12 0:00:00 UTC,1,0.1141,
2026-04-12 03:00:00 UTC,1,0.1184,
2026-04-12 06:00:00 UTC,1,0.1681,
2026-04-12 09:00:00 UTC,1,0.1254,
2026-04-12 12:00:00 UTC,1,0.1369,
2026-04-12 15:00:00 UTC,1,0.1468,
2026-04-12 18:00:00 UTC,1,0.1171,
2026-04-12 21:00:00 UTC,1,0.1241,
2026-04-13 0:00:00 UTC,1,0.1182,
2026-04-13 03:00:00 UTC,1,0.1927,
2026-04-13 06:00:00 UTC,1,0.0547,
2026-04-13 09:00:00 UTC,1,0.1840,
2026-04-13 12:00:00 UTC,1,0.1195,
2026-04-13 15:00:00 UTC,1,0.1315,
2026-04-13 18:00:00 UTC,1,0.1105,
2026-04-13 21:00:00 UTC,1,0.1149,
2026-04-14 0:00:00 UTC,1,0.1572,
2026-04-14 03:00:00 UTC,1,0.1568,
2026-04-14 06:00:00 UTC,1,0.1543,
2026-04-14 09:00:00 UTC,1,0.1026,
2026-04-14 12:00:00 UTC,1,0.0945,
2026-04-14 15:00:00 UTC,1,0.1562,
2026-04-14 18:00:00 UTC,1,0.0844,
2026-04-14 21:00:00 UTC,1,0.1621,
2026-04-15 0:00:00 UTC,1,0.1854,
2026-04-15 03:00:00 UTC,1,0.1304,
2026-04-15 06:00:00 UTC,1,0.1473,
2026-04-15 09:00:00 UTC,1,0.1179,
2026-04-15 12:00:00 UTC,1,0.1354,
2026-04-15 15:00:00 UTC,1,0.0802,
2026-04-15 18:00:00 UTC,1,0.0757,
2026-04-15 21:00:00 UTC,1,0.1263,
2026-04-16 0:00:00 UTC,1,0.1292,
2026-04-16 03:00:00 UTC,1,0.2105,
2026-04-16 06:00:00 UTC,1,0.1882,
2026-04-16 09:00:00 UTC,1,0.0976,
2026-04-16 12:00:00 UTC,1,0.1101,
2026-04-16 15:00:00 UTC,1,0.1222,
2026-04-16 18:00:00 UTC,1,0.2022,
2026-04-16 21:00:00 UTC,1,0.1312,
2026-04-17 0:00:00 UTC,1,0.0673,
2026-04-17 03:00:00 UTC,1,0.1319,
2026-04-17 06:00:00 UTC,1,0.1901,
2026-04-17 09:00:00 UTC,1,0.2337,
2026-04-17 12:00:00 UTC,1,0.1388,
2026-04-17 15:00:00 UTC,1,0.1050,
2026-04-17 18:00:00 UTC,1,0.1695,
2026-04-17 21:00:00 UTC,1,0.1043,
2026-04-18 0:00:00 UTC,1,0.1839,
2026-04-18 03:00:00 UTC,1,0.1020,
2026-04-18 06:00:00 UTC,1,0.0507,
2026-04-18 09:00:00 UTC,1,0.1558,
2026-04-18 12:00:00 UTC,1,0.0900,
2026-04-18 15:00:00 UTC,1,0.1245,
2026-04-18 18:00:00 UTC,1,0.1163,
2026-04-18 21:00:00 UTC,1,0.1107,
2026-04-19 0:00:00 UTC,1,0.1100,
2026-04-19 03:00:00 UTC,1,0.1294,
2026-04-19 06:00:00 UTC,1,0.1382,
2026-04-19 09:00:00 UTC,1,0.1423,
2026-04-19 12:00:00 UTC,1,0.1513,
2026-04-19 15:00:00 UTC,1,0.1997,
2026-04-19 18:00:00 UTC,1,0.0845,
2026-04-19 21:00:00 UTC,1,0.1195,
2026-04-20 0:00:00 UTC,1,0.1329,
2026-04-20 03:00:00 UTC,1,0.1199,
2026-04-20 06:00:00 UTC,1,0.1380,
2026-04-20 09:00:00 UTC,1,0.2148,
2026-04-20 12:00:00 UTC,1,0.1140,
2026-04-20 15:00:00 UTC,1,0.1638,
2026-04-20 18:00:00 UTC,1,0.2258,
2026-04-20 21:00:00 UTC,1,0.1729,
2026-04-21 0:00:00 UTC,1,0.0970,
2026-04-21 03:00:00 UTC,1,0.1594,
2026-04-21 06:00:00 UTC,1,0.1128,
2026-04-21 09:00:00 UTC,1,0.0963,
2026-04-21 12:00:00 UTC,1,0.1622,
2026-04-21 15:00:00 UTC,1,0.0978,
2026-04-21 18:00:00 UTC,1,0.0999,
2026-04-21 21:00:00 UTC,1,0.1087,
2026-04-22 0:00:00 UTC,1,0.1380,
2026-04-22 03:00:00 UTC,1,0.1069,
2026-04-22 06:00:00 UTC,1,0.0748,
2026-04-22 09:00:00 UTC,1,0.0834,
2026-04-22 12:00:00 UTC,1,0.1318,
2026-04-22 15:00:00 UTC,1,0.0701,
2026-04-22 18:00:00 UTC,1,0.1841,
2026-04-22 21:00:00 UTC,1,0.1263,
2026-04-23 0:00:00 UTC,1,0.1454,
2026-04-23 03:00:00 UTC,1,0.1069,
2026-04-23 06:00:00 UTC,1,0.1393,
2026-04-23 09:00:00 UTC,1,0.0548,
2026-04-23 12:00:00 UTC,1,0.0694,
2026-04-23 15:00:00 UTC,1,0.1652,
2026-04-23 18:00:00 UTC,1,0.0947,
2026-04-23 21:00:00 UTC,1,0.1293,
2026-04-24 0:00:00 UTC,1,0.1332,
2026-04-24 03:00:00 UTC,1,0.0987,
2026-04-24 06:00:00 UTC,1,0.1403,
2026-04-24 09:00:00 UTC,1,0.0932,
2026-04-24 12:00:00 UTC,1,0.1522,
2026-04-24 15:00:00 UTC,1,0.0937,
2026-04-24 18:00:00 UTC,1,0.1216,
2026-04-24 21:00:00 UTC,1,0.1300,
2026-04-25 0:00:00 UTC,1,0.0637,
2026-04-25 03:00:00 UTC,1,0.1057,
2026-04-25 06:00:00 UTC,1,0.1089,
2026-04-25 09:00:00 UTC,1,0.1280,
2026-04-25 12:00:00 UTC,1,0.1344,
2026-04-25 15:00:00 UTC,1,0.2018,
2026-04-25 18:00:00 UTC,1,0.1125,
2026-04-25 21:00:00 UTC,1,0.0949,
2026-04-26 0:00:00 UTC,1,0.1999,
2026-04-26 03:00:00 UTC,1,0.1346,
2026-04-26 06:00:00 UTC,1,0.1614,
2026-04-26 09:00:00 UTC,1,0.1188,
2026-04-26 12:00:00 UTC,1,0.0732,
2026-04-26 15:00:00 UTC,1,0.1254,
2026-04-26 18:00:00 UTC,1,0.1907,
2026-04-26 21:00:00 UTC,1,0.0361,
2026-04-27 0:00:00 UTC,1,0.1280,
2026-04-27 03:00:00 UTC,1,0.1792,
2026-04-27 06:00:00 UTC,1,0.1040,
2026-04-27 09:00:00 UTC,1,0.1473,
2026-04-27 12:00:00 UTC,1,0.0960,
2026-04-27 15:00:00 UTC,1,0.1112,
2026-04-27 18:00:00 UTC,1,0.0919,
2026-04-27 21:00:00 UTC,1,0.1940,
2026-04-28 0:00:00 UTC,1,0.1379,
2026-04-28 03:00:00 UTC,1,0.1054,
2026-04-28 06:00:00 UTC,1,0.1642,
2026-04-28 09:00:00 UTC,1,0.1341,
2026-04-28 12:00:00 UTC,1,0.1220,
2026-04-28 15:00:00 UTC,1,0.1468,
2026-04-28 18:00:00 UTC,1,0.1503,
2026-04-28 21:00:00 UTC,1,0.1992,
2026-04-29 0:00:00 UTC,1,0.1080,
2026-04-29 03:00:00 UTC,1,0.1761,
2026-04-29 06:00:00 UTC,1,0.1581,
2026-04-29 09:00:00 UTC,1,0.0911,
2026-04-29 12:00:00 UTC,1,0.1177,
2026-04-29 15:00:00 UTC,1,0.0792,
2026-04-29 18:00:00 UTC,1,0.1413,
2026-04-29 21:00:00 UTC,1,0.0886,
2026-04-30 0:00:00 UTC,1,0.1104,
2026-04-30 03:00:00 UTC,1,0.1574,
2026-04-30 06:00:00 UTC,1,0.1623,
2026-04-30 09:00:00 UTC,1,0.1119,
2026-04-30 12:00:00 UTC,1,0.0873,
2026-04-30 15:00:00 UTC,1,0.0941,
2026-04-30 18:00:00 UTC,1,0.0507,
2026-04-30 21:00:00 UTC,1,0.1836,
2026-05-01 0:00:00 UTC,1,0.0976,
2026-05-01 03:00:00 UTC,1,0.1194,
2026-05-01 06:00:00 UTC,1,0.1704,
2026-05-01 09:00:00 UTC,1,0.2023,
2026-05-01 12:00:00 UTC,1,0.1947,
2026-05-01 15:00:00 UTC,1,0.1867,
2026-05-01 18:00:00 UTC,1,0.1713,
2026-05-01 21:00:00 UTC,1,0.1239,
2026-05-02 0:00:00 UTC,1,0.1517,
2026-05-02 03:00:00 UTC,1,0.1552,
2026-05-02 06:00:00 UTC,1,0.1158,
2026-05-02 09:00:00 UTC,1,0.1381,
2026-05-02 12:00:00 UTC,1,0.1938,
2026-05-02 15:00:00 UTC,1,0.1049,
2026-05-02 18:00:00 UTC,1,0.1681,
2026-05-02 21:00:00 UTC,1,0.2084,
2026-05-03 0:00:00 UTC,1,0.1412,
2026-05-03 03:00:00 UTC,1,0.1807,
2026-05-03 06:00:00 UTC,1,0.1548,
2026-05-03 09:00:00 UTC,1,0.1473,
2026-05-03 12:00:00 UTC,1,0.1173,
2026-05-03 15:00:00 UTC,1,0.1440,
2026-05-03 18:00:00 UTC,1,0.1128,
2026-05-03 21:00:00 UTC,1,0.1408,
2026-05-04 0:00:00 UTC,1,0.1133,
2026-05-04 03:00:00 UTC,1,0.1493,
2026-05-04 06:00:00 UTC,1,0.0871,
2026-05-04 09:00:00 UTC,1,0.1664,
2026-05-04 12:00:00 UTC,1,0.1572,
2026-05-04 15:00:00 UTC,1,0.0713,
2026-05-04 18:00:00 UTC,1,0.0708,
2026-05-04 21:00:00 UTC,1,0.2006,
2026-05-05 0:00:00 UTC,1,0.1534,
2026-05-05 03:00:00 UTC,1,0.1026,
2026-05-05 06:00:00 UTC,1,0.1432,
2026-05-05 09:00:00 UTC,1,0.1213,
2026-05-05 12:00:00 UTC,1,0.0942,
2026-05-05 15:00:00 UTC,1,0.1499,
2026-05-05 18:00:00 UTC,1,0.1466,
2026-05-05 21:00:00 UTC,1,0.0647,
2026-05-06 0:00:00 UTC,1,0.1235,
2026-05-06 03:00:00 UTC,1,0.1272,
2026-05-06 06:00:00 UTC,1,0.1638,
2026-05-06 09:00:00 UTC,1,0.1786,
2026-05-06 12:00:00 UTC,1,0.1124,
2026-05-06 15:00:00 UTC,1,0.1639,
2026-05-06 18:00:00 UTC,1,0.1476,
2026-05-06 21:00:00 UTC,1,0.1253,
2026-05-07 0:00:00 UTC,1,0.1338,
2026-05-07 03:00:00 UTC,1,0.1206,
2026-05-07 06:00:00 UTC,1,0.0997,
2026-05-07 09:00:00 UTC,1,0.1516,
2026-05-07 12:00:00 UTC,1,0.1378,
2026-05-07 15:00:00 UTC,1,0.1664,
2026-05-07 18:00:00 UTC,1,0.1322,
2026-05-07 21:00:00 UTC,1,0.0937,
2026-05-08 0:00:00 UTC,1,0.1721,
2026-05-08 03:00:00 UTC,1,0.0903,
2026-05-08 06:00:00 UTC,1,0.0831,
2026-05-08 09:00:00 UTC,1,0.0712,
2026-05-08 12:00:00 UTC,1,0.1442,
2026-05-08 15:00:00 UTC,1,0.1229,
2026-05-08 18:00:00 UTC,1,0.1382,
2026-05-08 21:00:00 UTC,1,0.0387,
2026-05-09 0:00:00 UTC,1,0.0720,
2026-05-09 03:00:00 UTC,1,0.1678,
2026-05-09 06:00:00 UTC,1,0.0754,
2026-05-09 09:00:00 UTC,1,0.1125,
2026-05-09 12:00:00 UTC,1,0.0977,
2026-05-09 15:00:00 UTC,1,0.1791,
2026-05-09 18:00:00 UTC,1,0.1495,
2026-05-09 21:00:00 UTC,1,0.1461,
2026-05-10 0:00:00 UTC,1,0.1049,
2026-05-10 03:00:00 UTC,1,0.1736,
2026-05-10 06:00:00 UTC,1,0.0568,
2026-05-10 09:00:00 UTC,1,0.1271,
2026-05-10 12:00:00 UTC,1,0.1046,
2026-05-10 15:00:00 UTC,1,0.1797,
2026-05-10 18:00:00 UTC,1,0.1921,
2026-05-10 21:00:00 UTC,1,0.1637,
2026-05-11 0:00:00 UTC,1,0.1275,
2026-05-11 03:00:00 UTC,1,0.1301,
2026-05-11 06:00:00 UTC,1,0.1354,
2026-05-11 09:00:00 UTC,1,0.1339,
2026-05-11 12:00:00 UTC,1,0.1087,
2026-05-11 15:00:00 UTC,1,0.1055,
2026-05-11 18:00:00 UTC,1,0.1346,
2026-05-11 21:00:00 UTC,1,0.1537,
2026-05-12 0:00:00 UTC,1,0.1474,
2026-05-12 03:00:00 UTC,1,0.1408,
2026-05-12 06:00:00 UTC,1,0.1359,
2026-05-12 09:00:00 UTC,1,0.0871,
2026-05-12 12:00:00 UTC,1,0.0878,
2026-05-12 15:00:00 UTC,1,0.1151,
2026-05-12 18:00:00 UTC,1,0.1491,
2026-05-12 21:00:00 UTC,1,0.1145,
2026-05-13 0:00:00 UTC,1,0.1183,
2026-05-13 03:00:00 UTC,1,0.0937,
2026-05-13 06:00:00 UTC,1,0.1023,
2026-05-13 09:00:00 UTC,1,0.1179,
2026-05-13 12:00:00 UTC,1,0.1431,
2026-05-13 15:00:00 UTC,1,0.1417,
2026-05-13 18:00:00 UTC,1,0.0971,
2026-05-13 21:00:00 UTC,1,0.1844,
2026-05-14 0:00:00 UTC,1,0.1341,
2026-05-14 03:00:00 UTC,1,0.0936,
2026-05-14 06:00:00 UTC,1,0.1066,
2026-05-14 09:00:00 UTC,1,0.1548,
2026-05-14 12:00:00 UTC,1,0.1988,
2026-05-14 15:00:00 UTC,1,0.1394,
2026-05-14 18:00:00 UTC,1,0.1581,
2026-05-14 21:00:00 UTC,1,0.1601,
2026-05-15 0:00:00 UTC,1,0.1241,
2026-05-15 03:00:00 UTC,1,0.1340,
2026-05-15 06:00:00 UTC,1,0.1329,
2026-05-15 09:00:00 UTC,1,0.1591,
2026-05-15 12:00:00 UTC,1,0.1161,
2026-05-15 15:00:00 UTC,1,0.0916,
2026-05-15 18:00:00 UTC,1,0.1060,
2026-05-15 21:00:00 UTC,1,0.1135,
2026-05-16 0:00:00 UTC,1,0.1024,
2026-05-16 03:00:00 UTC,1,0.1180,
2026-05-16 06:00:00 UTC,1,0.1387,
2026-05-16 09:00:00 UTC,1,0.1221,
2026-05-16 12:00:00 UTC,1,0.1352,
2026-05-16 15:00:00 UTC,1,0.1323,
2026-05-16 18:00:00 UTC,1,0.1509,
2026-05-16 21:00:00 UTC,1,0.1255,
2026-05-17 0:00:00 UTC,1,0.1437,
2026-05-17 03:00:00 UTC,1,0.1280,
2026-05-17 06:00:00 UTC,1,0.1510,
2026-05-17 09:00:00 UTC,1,0.1521,
2026-05-17 12:00:00 UTC,1,0.1634,
2026-05-17 15:00:00 UTC,1,0.1023,
2026-05-17 18:00:00 UTC,1,0.1531,
2026-05-17 21:00:00 UTC,1,0.0706,
2026-05-18 0:00:00 UTC,1,0.1272,
2026-05-18 03:00:00 UTC,1,0.1371,
2026-05-18 06:00:00 UTC,1,0.0859,
2026-05-18 09:00:00 UTC,1,0.0787,
2026-05-18 12:00:00 UTC,1,0.0956,
2026-05-18 15:00:00 UTC,1,0.1179,
2026-05-18 18:00:00 UTC,1,0.1444,
2026-05-18 21:00:00 UTC,1,0.0956,
2026-05-19 0:00:00 UTC,1,0.1217,
2026-05-19 03:00:00 UTC,1,0.1544,
2026-05-19 06:00:00 UTC,1,0.1065,
2026-05-19 09:00:00 UTC,1,0.1576,
2026-05-19 12:00:00 UTC,1,0.1350,
2026-05-19 15:00:00 UTC,1,0.1148,
2026-05-19 18:00:00 UTC,1,0.1869,
2026-05-19 21:00:00 UTC,1,0.0820,
2026-05-20 0:00:00 UTC,1,0.1215,
2026-05-20 03:00:00 UTC,1,0.1630,
2026-05-20 06:00:00 UTC,1,0.1118,
2026-05-20 09:00:00 UTC,1,0.1867,
2026-05-20 12:00:00 UTC,1,0.1475,
2026-05-20 15:00:00 UTC,1,0.0849,
2026-05-20 18:00:00 UTC,1,0.0946,
2026-05-20 21:00:00 UTC,1,0.1469,
2026-05-21 0:00:00 UTC,1,0.1249,
2026-05-21 03:00:00 UTC,1,0.1658,
2026-05-21 06:00:00 UTC,1,0.0883,
2026-05-21 09:00:00 UTC,1,0.1305,
2026-05-21 12:00:00 UTC,1,0.1014,
2026-05-21 15:00:00 UTC,1,0.1295,
2026-05-21 18:00:00 UTC,1,0.0958,
2026-05-21 21:00:00 UTC,1,0.1029,
2026-05-22 0:00:00 UTC,1,0.1692,
2026-05-22 03:00:00 UTC,1,0.2154,
2026-05-22 06:00:00 UTC,1,0.1714,
2026-05-22 09:00:00 UTC,1,0.1315,
2026-05-22 12:00:00 UTC,1,0.0883,
2026-05-22 15:00:00 UTC,1,0.1564,
2026-05-22 18:00:00 UTC,1,0.1056,
2026-05-22 21:00:00 UTC,1,0.0895,
2026-05-23 0:00:00 UTC,1,0.1112,
2026-05-23 03:00:00 UTC,1,0.1350,
2026-05-23 06:00:00 UTC,1,0.1432,
2026-05-23 09:00:00 UTC,1,0.1670,
2026-05-23 12:00:00 UTC,1,0.1167,
2026-05-23 15:00:00 UTC,1,0.1164,
2026-05-23 18:00:00 UTC,1,0.1121,
2026-05-23 21:00:00 UTC,1,0.1023,
2026-05-24 0:00:00 UTC,1,0.1632,
2026-05-24 03:00:00 UTC,1,0.0575,
2026-05-24 06:00:00 UTC,1,0.1362,
2026-05-24 09:00:00 UTC,1,0.1215,
2026-05-24 12:00:00 UTC,1,0.0930,
2026-05-24 15:00:00 UTC,1,0.1372,
2026-05-24 18:00:00 UTC,1,0.1329,
2026-05-24 21:00:00 UTC,1,0.0616,
2026-05-25 0:00:00 UTC,1,0.1521,
2026-05-25 03:00:00 UTC,1,0.0768,
2026-05-25 06:00:00 UTC,1,0.0961,
2026-05-25 09:00:00 UTC,1,0.1309,
2026-05-25 12:00:00 UTC,1,0.1337,
2026-05-25 15:00:00 UTC,1,0.1610,
2026-05-25 18:00:00 UTC,1,0.1484,
2026-05-25 21:00:00 UTC,1,0.1705,
2026-05-26 0:00:00 UTC,1,0.1089,
2026-05-26 03:00:00 UTC,1,0.1968,
2026-05-26 06:00:00 UTC,1,0.0895,
2026-05-26 09:00:00 UTC,1,0.1078,
2026-05-26 12:00:00 UTC,1,0.1008,
2026-05-26 15:00:00 UTC,1,0.0957,
2026-05-26 18:00:00 UTC,1,0.1333,
2026-05-26 21:00:00 UTC,1,0.0732,
2026-05-27 0:00:00 UTC,1,0.1417,
2026-05-27 03:00:00 UTC,1,0.1415,
2026-05-27 06:00:00 UTC,1,0.1187,
2026-05-27 09:00:00 UTC,1,0.1848,
2026-05-27 12:00:00 UTC,1,0.1809,
2026-05-27 15:00:00 UTC,1,0.1500,
2026-05-27 18:00:00 UTC,1,0.0581,
2026-05-27 21:00:00 UTC,1,0.1638,
2026-05-28 0:00:00 UTC,1,0.1352,
2026-05-28 03:00:00 UTC,1,0.2016,
2026-05-28 06:00:00 UTC,1,0.1140,
2026-05-28 09:00:00 UTC,1,0.1020,
2026-05-28 12:00:00 UTC,1,0.1247,
2026-05-28 15:00:00 UTC,1,0.1499,
2026-05-28 18:00:00 UTC,1,0.1413,
2026-05-28 21:00:00 UTC,1,0.1656,
2026-05-29 0:00:00 UTC,1,0.1211,
2026-05-29 03:00:00 UTC,1,0.1736,
2026-05-29 06:00:00 UTC,1,0.0952,
2026-05-29 09:00:00 UTC,1,0.1347,
2026-05-29 12:00:00 UTC,1,0.0650,
2026-05-29 15:00:00 UTC,1,0.1440,
2026-05-29 18:00:00 UTC,1,0.1159,
2026-05-29 21:00:00 UTC,1,0.1155,
2026-05-30 0:00:00 UTC,1,0.1481,
2026-05-30 03:00:00 UTC,1,0.1203,
2026-05-30 06:00:00 UTC,1,0.1176,
2026-05-30 09:00:00 UTC,1,0.1237,
2026-05-30 12:00:00 UTC,1,0.1524,
2026-05-30 15:00:00 UTC,1,0.1260,
2026-05-30 18:00:00 UTC,1,0.1508,
2026-05-30 21:00:00 UTC,1,0.1132,
2026-05-31 0:00:00 UTC,1,0.1173,
2026-05-31 03:00:00 UTC,1,0.1714,
2026-05-31 06:00:00 UTC,1,0.1418,
2026-05-31 09:00:00 UTC,1,0.1615,
2026-05-31 12:00:00 UTC,1,0.1383,
2026-05-31 15:00:00 UTC,1,0.1327,
2026-05-31 18:00:00 UTC,1,0.0977,
2026-05-31 21:00:00 UTC,1,0.1161,
2026-06-01 0:00:00 UTC,1,0.0880,
2026-06-01 03:00:00 UTC,1,0.1050,
2026-06-01 06:00:00 UTC,1,0.1456,
2026-06-01 09:00:00 UTC,1,0.1077,
2026-06-01 12:00:00 UTC,1,0.1566,
2026-06-01 15:00:00 UTC,1,0.1255,
2026-06-01 18:00:00 UTC,1,0.1712,
2026-06-01 21:00:00 UTC,1,0.1495,
2026-06-02 0:00:00 UTC,1,0.1431,
2026-06-02 03:00:00 UTC,1,0.1596,
2026-06-02 06:00:00 UTC,1,0.1877,
2026-06-02 09:00:00 UTC,1,0.1365,
2026-06-02 12:00:00 UTC,1,0.1131,
2026-06-02 15:00:00 UTC,1,0.1192,
2026-06-02 18:00:00 UTC,1,0.1113,
2026-06-02 21:00:00 UTC,1,0.1285,
2026-06-03 0:00:00 UTC,1,0.1197,
2026-06-03 03:00:00 UTC,1,0.1234,
2026-06-03 06:00:00 UTC,1,0.1094,
2026-06-03 09:00:00 UTC,1,0.1150,
2026-06-03 12:00:00 UTC,1,0.0761,
2026-06-03 15:00:00 UTC,1,0.1239,
2026-06-03 18:00:00 UTC,1,0.0880,
2026-06-03 21:00:00 UTC,1,0.1163,
2026-06-04 0:00:00 UTC,1,0.1341,
2026-06-04 03:00:00 UTC,1,0.0878,
2026-06-04 06:00:00 UTC,1,0.1077,
2026-06-04 09:00:00 UTC,1,0.1191,
2026-06-04 12:00:00 UTC,1,0.1128,
2026-06-04 15:00:00 UTC,1,0.1355,
2026-06-04 18:00:00 UTC,1,0.1562,
2026-06-04 21:00:00 UTC,1,0.1427,
2026-06-05 0:00:00 UTC,1,0.1126,
2026-06-05 03:00:00 UTC,1,0.1019,
2026-06-05 06:00:00 UTC,1,0.1340,
2026-06-05 09:00:00 UTC,1,0.1101,
2026-06-05 12:00:00 UTC,1,0.1023,
2026-06-05 15:00:00 UTC,1,0.0974,
2026-06-05 18:00:00 UTC,1,0.1584,
2026-06-05 21:00:00 UTC,1,0.1415,
2026-06-06 0:00:00 UTC,1,0.0795,
2026-06-06 03:00:00 UTC,1,0.1360,
2026-06-06 06:00:00 UTC,1,0.1064,
2026-06-06 09:00:00 UTC,1,0.0894,
2026-06-06 12:00:00 UTC,1,0.0954,
2026-06-06 15:00:00 UTC,1,0.0843,
2026-06-06 18:00:00 UTC,1,0.1575,
2026-06-06 21:00:00 UTC,1,0.1147,
2026-06-07 0:00:00 UTC,1,0.1681,
2026-06-07 03:00:00 UTC,1,0.0951,
2026-06-07 06:00:00 UTC,1,0.0726,
2026-06-07 09:00:00 UTC,1,0.1228,
2026-06-07 12:00:00 UTC,1,0.1387,
2026-06-07 15:00:00 UTC,1,0.1318,
2026-06-07 18:00:00 UTC,1,0.1704,
2026-06-07 21:00:00 UTC,1,0.1259,
2026-06-08 0:00:00 UTC,1,0.1390,
2026-06-08 03:00:00 UTC,1,0.0747,
2026-06-08 06:00:00 UTC,1,0.1444,
2026-06-08 09:00:00 UTC,1,0.1704,
2026-06-08 12:00:00 UTC,1,0.1595,
2026-06-08 15:00:00 UTC,1,0.1165,
2026-06-08 18:00:00 UTC,1,0.1276,
2026-06-08 21:00:00 UTC,1,0.1453,
2026-06-09 0:00:00 UTC,1,0.0926,
2026-06-09 03:00:00 UTC,1,0.1708,
2026-06-09 06:00:00 UTC,1,0.1496,
2026-06-09 09:00:00 UTC,1,0.1307,
2026-06-09 12:00:00 UTC,1,0.1100,
2026-06-09 15:00:00 UTC,1,0.1453,
2026-06-09 18:00:00 UTC,1,0.1733,
2026-06-09 21:00:00 UTC,1,0.1298,
2026-06-10 0:00:00 UTC,1,0.1653,
2026-06-10 03:00:00 UTC,1,0.1078,
2026-06-10 06:00:00 UTC,1,0.1187,
2026-06-10 09:00:00 UTC,1,0.1535,
2026-06-10 12:00:00 UTC,1,0.1141,
2026-06-10 15:00:00 UTC,1,0.1306,
2026-06-10 18:00:00 UTC,1,0.1345,
2026-06-10 21:00:00 UTC,1,0.1372,
2026-06-11 0:00:00 UTC,1,0.1248,
2026-06-11 03:00:00 UTC,1,0.0750,
2026-06-11 06:00:00 UTC,1,0.1160,
2026-06-11 09:00:00 UTC,1,0.1108,
2026-06-11 12:00:00 UTC,1,0.1512,
2026-06-11 15:00:00 UTC,1,0.1613,
2026-06-11 18:00:00 UTC,1,0.1002,
2026-06-11 21:00:00 UTC,1,0.1405,
2026-06-12 0:00:00 UTC,1,0.1574,
2026-06-12 03:00:00 UTC,1,0.1225,
2026-06-12 06:00:00 UTC,1,0.0855,
2026-06-12 09:00:00 UTC,1,0.1633,
2026-06-12 12:00:00 UTC,1,0.0943,
2026-06-12 15:00:00 UTC,1,0.1370,
2026-06-12 18:00:00 UTC,1,0.0910,
2026-06-12 21:00:00 UTC,1,0.1352,
2026-06-13 0:00:00 UTC,1,0.1134,
2026-06-13 03:00:00 UTC,1,0.1138,
2026-06-13 06:00:00 UTC,1,0.1966,
2026-06-13 09:00:00 UTC,1,0.1653,
2026-06-13 12:00:00 UTC,1,0.1369,
2026-06-13 15:00:00 UTC,1,0.1533,
2026-06-13 18:00:00 UTC,1,0.1567,
2026-06-13 21:00:00 UTC,1,0.1338,
2026-06-14 0:00:00 UTC,1,0.1098,
2026-06-14 03:00:00 UTC,1,0.1264,
2026-06-14 06:00:00 UTC,1,0.1509,
2026-06-14 09:00:00 UTC,1,0.1554,
2026-06-14 12:00:00 UTC,1,0.1042,
2026-06-14 15:00:00 UTC,1,0.1631,
2026-06-14 18:00:00 UTC,1,0.1409,
2026-06-14 21:00:00 UTC,1,0.1074,
2026-06-15 0:00:00 UTC,1,0.0818,
2026-06-15 03:00:00 UTC,1,0.1402,
2026-06-15 06:00:00 UTC,1,0.1211,
2026-06-15 09:00:00 UTC,1,0.1793,
2026-06-15 12:00:00 UTC,1,0.0979,
2026-06-15 15:00:00 UTC,1,0.0805,
2026-06-15 18:00:00 UTC,1,0.1028,
2026-06-15 21:00:00 UTC,1,0.1176,
2026-06-16 0:00:00 UTC,1,0.0794,
2026-06-16 03:00:00 UTC,1,0.1193,
2026-06-16 06:00:00 UTC,1,0.1051,
2026-06-16 09:00:00 UTC,1,0.1976,
2026-06-16 12:00:00 UTC,1,0.1054,
2026-06-16 15:00:00 UTC,1,0.1452,
2026-06-16 18:00:00 UTC,1,0.0905,
2026-06-16 21:00:00 UTC,1,0.1329,
2026-06-17 0:00:00 UTC,1,0.1342,
2026-06-17 03:00:00 UTC,1,0.1340,
2026-06-17 06:00:00 UTC,1,0.2018,
2026-06-17 09:00:00 UTC,1,0.1225,
2026-06-17 12:00:00 UTC,1,0.1388,
2026-06-17 15:00:00 UTC,1,0.1471,
2026-06-17 18:00:00 UTC,1,0.0967,
2026-06-17 21:00:00 UTC,1,0.1310,
2026-06-18 0:00:00 UTC,1,0.1587,
2026-06-18 03:00:00 UTC,1,0.1694,
2026-06-18 06:00:00 UTC,1,0.1675,
2026-06-18 09:00:00 UTC,1,0.1143,
2026-06-18 12:00:00 UTC,1,0.1706,
2026-06-18 15:00:00 UTC,1,0.1695,
2026-06-18 18:00:00 UTC,1,0.1204,
2026-06-18 21:00:00 UTC,1,0.1327,
2026-06-19 0:00:00 UTC,1,0.1347,
2026-06-19 03:00:00 UTC,1,0.1677,
2026-06-19 06:00:00 UTC,1,0.1272,
2026-06-19 09:00:00 UTC,1,0.1144,
2026-06-19 12:00:00 UTC,1,0.0856,
2026-06-19 15:00:00 UTC,1,0.1509,
2026-06-19 18:00:00 UTC,1,0.1465,
2026-06-19 21:00:00 UTC,1,0.0972,
2026-06-20 0:00:00 UTC,1,0.1560,
2026-06-20 03:00:00 UTC,1,0.0815,
2026-06-20 06:00:00 UTC,1,0.1646,
2026-06-20 09:00:00 UTC,1,0.0749,
2026-06-20 12:00:00 UTC,1,0.1348,
2026-06-20 15:00:00 UTC,1,0.1316,
2026-06-20 18:00:00 UTC,1,0.1138,
2026-06-20 21:00:00 UTC,1,0.1504,
2026-06-21 0:00:00 UTC,1,0.1471,
2026-06-21 03:00:00 UTC,1,0.1670,
2026-06-21 06:00:00 UTC,1,0.1295,
2026-06-21 09:00:00 UTC,1,0.1315,
2026-06-21 12:00:00 UTC,1,0.1427,
2026-06-21 15:00:00 UTC,1,0.1501,
2026-06-21 18:00:00 UTC,1,0.1157,
2026-06-21 21:00:00 UTC,1,0.1568,
2026-06-22 0:00:00 UTC,1,0.1351,
2026-06-22 03:00:00 UTC,1,0.1122,
2026-06-22 06:00:00 UTC,1,0.1426,
2026-06-22 09:00:00 UTC,1,0.1537,
2026-06-22 12:00:00 UTC,1,0.1278,
2026-06-22 15:00:00 UTC,1,0.1755,
2026-06-22 18:00:00 UTC,1,0.1343,
2026-06-22 21:00:00 UTC,1,0.1916,
2026-06-23 0:00:00 UTC,1,0.1558,
2026-06-23 03:00:00 UTC,1,0.1227,
2026-06-23 06:00:00 UTC,1,0.1193,
2026-06-23 09:00:00 UTC,1,0.1203,
2026-06-23 12:00:00 UTC,1,0.1112,
2026-06-23 15:00:00 UTC,1,0.0932,
2026-06-23 18:00:00 UTC,1,0.0883,
2026-06-23 21:00:00 UTC,1,0.1254,
2026-06-24 0:00:00 UTC,1,0.1118,
2026-06-24 03:00:00 UTC,1,0.1665,
2026-06-24 06:00:00 UTC,1,0.1880,
2026-06-24 09:00:00 UTC,1,0.1125,
2026-06-24 12:00:00 UTC,1,0.1469,
2026-06-24 15:00:00 UTC,1,0.1195,
2026-06-24 18:00:00 UTC,1,0.1602,
2026-06-24 21:00:00 UTC,1,0.1258,
2026-06-25 0:00:00 UTC,1,0.1571,
2026-06-25 03:00:00 UTC,1,0.1393,
2026-06-25 06:00:00 UTC,1,0.0486,
2026-06-25 09:00:00 UTC,1,0.0871,
2026-06-25 12:00:00 UTC,1,0.1253,
2026-06-25 15:00:00 UTC,1,0.1400,
2026-06-25 18:00:00 UTC,1,0.1308,
2026-06-25 21:00:00 UTC,1,0.1670,
2026-06-26 0:00:00 UTC,1,0.0728,
2026-06-26 03:00:00 UTC,1,0.1079,
2026-06-26 06:00:00 UTC,1,0.1193,
2026-06-26 09:00:00 UTC,1,0.1536,
2026-06-26 12:00:00 UTC,1,0.1024,
2026-06-26 15:00:00 UTC,1,0.1275,
2026-06-26 18:00:00 UTC,1,0.0996,
2026-06-26 21:00:00 UTC,1,0.1343,
2026-06-27 0:00:00 UTC,1,0.1406,
2026-06-27 03:00:00 UTC,1,0.1248,
2026-06-27 06:00:00 UTC,1,0.1398,
2026-06-27 09:00:00 UTC,1,0.0900,
2026-06-27 12:00:00 UTC,1,0.1249,
2026-06-27 15:00:00 UTC,1,0.1274,
2026-06-27 18:00:00 UTC,1,0.1180,
2026-06-27 21:00:00 UTC,1,0.1153,
2026-06-28 0:00:00 UTC,1,0.1018,
2026-06-28 03:00:00 UTC,1,0.1707,
2026-06-28 06:00:00 UTC,1,0.1066,
2026-06-28 09:00:00 UTC,1,0.1434,
2026-06-28 12:00:00 UTC,1,0.1598,
2026-06-28 15:00:00 UTC,1,0.1033,
2026-06-28 18:00:00 UTC,1,0.1066,
2026-06-28 21:00:00 UTC,1,0.1381,
2026-06-29 0:00:00 UTC,1,0.1469,
2026-06-29 03:00:00 UTC,1,0.1120,
2026-06-29 06:00:00 UTC,1,0.1518,
2026-06-29 09:00:00 UTC,1,0.2207,
2026-06-29 12:00:00 UTC,1,0.1444,
2026-06-29 15:00:00 UTC,1,0.1474,
2026-06-29 18:00:00 UTC,1,0.0813,
2026-06-29 21:00:00 UTC,1,0.1185,
2026-06-30 0:00:00 UTC,1,0.1396,
2026-06-30 03:00:00 UTC,1,0.1420,
2026-06-30 06:00:00 UTC,1,0.0522,
2026-06-30 09:00:00 UTC,1,0.1167,
2026-06-30 12:00:00 UTC,1,0.1173,
2026-06-30 15:00:00 UTC,1,0.1404,
2026-06-30 18:00:00 UTC,1,0.1548,
2026-06-30 21:00:00 UTC,1,0.1273,
2026-07-01 0:00:00 UTC,1,0.0728,
2026-07-01 03:00:00 UTC,1,0.1759,
2026-07-01 06:00:00 UTC,1,0.1760,
2026-07-01 09:00:00 UTC,1,0.1169,
2026-07-01 12:00:00 UTC,1,0.1441,
2026-07-01 15:00:00 UTC,1,0.1333,
2026-07-01 18:00:00 UTC,1,0.1271,
2026-07-01 21:00:00 UTC,1,0.1798,
2026-07-02 0:00:00 UTC,1,0.0771,
2026-07-02 03:00:00 UTC,1,0.1248,
2026-07-02 06:00:00 UTC,1,0.1037,
2026-07-02 09:00:00 UTC,1,0.1279,
2026-07-02 12:00:00 UTC,1,0.1278,
2026-07-02 15:00:00 UTC,1,0.1032,
2026-07-02 18:00:00 UTC,1,0.1345,
2026-07-02 21:00:00 UTC,1,0.1125,
2026-07-03 0:00:00 UTC,1,0.1554,
2026-07-03 03:00:00 UTC,1,0.1613,
2026-07-03 06:00:00 UTC,1,0.1193,
2026-07-03 09:00:00 UTC,1,0.1626,
2026-07-03 12:00:00 UTC,1,0.1366,
2026-07-03 15:00:00 UTC,1,0.1159,
2026-07-03 18:00:00 UTC,1,0.1046,
2026-07-03 21:00:00 UTC,1,0.1600,
2026-07-04 0:00:00 UTC,1,0.1011,
2026-07-04 03:00:00 UTC,1,0.1573,
2026-07-04 06:00:00 UTC,1,0.1487,
2026-07-04 09:00:00 UTC,1,0.0863,
2026-07-04 12:00:00 UTC,1,0.1186,
2026-07-04 15:00:00 UTC,1,0.1275,
2026-07-04 18:00:00 UTC,1,0.1300,
2026-07-04 21:00:00 UTC,1,0.1405,
2026-07-05 0:00:00 UTC,1,0.1113,
2026-07-05 03:00:00 UTC,1,0.1341,
2026-07-05 06:00:00 UTC,1,0.1237,
2026-07-05 09:00:00 UTC,1,0.1614,
2026-07-05 12:00:00 UTC,1,0.1339,
2026-07-05 15:00:00 UTC,1,0.1317,
2026-07-05 18:00:00 UTC,1,0.1370,
2026-07-05 21:00:00 UTC,1,0.0880,
2026-07-06 0:00:00 UTC,1,0.1078,
2026-07-06 03:00:00 UTC,1,0.1495,
2026-07-06 06:00:00 UTC,1,0.1448,
2026-07-06 09:00:00 UTC,1,0.1234,
2026-07-06 12:00:00 UTC,1,0.1543,
2026-07-06 15:00:00 UTC,1,0.1681,
2026-07-06 18:00:00 UTC,1,0.1349,
2026-07-06 21:00:00 UTC,1,0.2117,
2026-07-07 0:00:00 UTC,1,0.1964,
2026-07-07 03:00:00 UTC,1,0.1164,
2026-07-07 06:00:00 UTC,1,0.1582,
2026-07-07 09:00:00 UTC,1,0.0932,
2026-07-07 12:00:00 UTC,1,0.1195,
2026-07-07 15:00:00 UTC,1,0.1196,
2026-07-07 18:00:00 UTC,1,0.1291,
2026-07-07 21:00:00 UTC,1,0.1081,
2026-07-08 0:00:00 UTC,1,0.1717,
2026-07-08 03:00:00 UTC,1,0.0972,
2026-07-08 06:00:00 UTC,1,0.1637,
2026-07-08 09:00:00 UTC,1,0.1114,
2026-07-08 12:00:00 UTC,1,0.1420,
2026-07-08 15:00:00 UTC,1,0.1314,
2026-07-08 18:00:00 UTC,1,0.1741,
2026-07-08 21:00:00 UTC,1,0.0933,
2026-07-09 0:00:00 UTC,1,0.0649,
2026-07-09 03:00:00 UTC,1,0.1042,
2026-07-09 06:00:00 UTC,1,0.1377,
2026-07-09 09:00:00 UTC,1,0.1525,
2026-07-09 12:00:00 UTC,1,0.1065,
2026-07-09 15:00:00 UTC,1,0.1354,
2026-07-09 18:00:00 UTC,1,0.1127,
2026-07-09 21:00:00 UTC,1,0.1952,
2026-07-10 0:00:00 UTC,1,0.0876,
2026-07-10 03:00:00 UTC,1,0.0939,
2026-07-10 06:00:00 UTC,1,0.1445,
2026-07-10 09:00:00 UTC,1,0.1264,
2026-07-10 12:00:00 UTC,1,0.1082,
2026-07-10 15:00:00 UTC,1,0.1593,
2026-07-10 18:00:00 UTC,1,0.1412,
2026-07-10 21:00:00 UTC,1,0.1019,
2026-07-11 0:00:00 UTC,1,0.1237,
2026-07-11 03:00:00 UTC,1,0.1550,
2026-07-11 06:00:00 UTC,1,0.1221,
2026-07-11 09:00:00 UTC,1,0.0834,
2026-07-11 12:00:00 UTC,1,0.1039,
2026-07-11 15:00:00 UTC,1,0.1044,
2026-07-11 18:00:00 UTC,1,0.1330,
2026-07-11 21:00:00 UTC,1,0.1418,
2026-07-12 0:00:00 UTC,1,0.1268,
2026-07-12 03:00:00 UTC,1,0.1019,
2026-07-12 06:00:00 UTC,1,0.1067,
2026-07-12 09:00:00 UTC,1,0.1375,
2026-07-12 12:00:00 UTC,1,0.0979,
2026-07-12 15:00:00 UTC,1,0.1437,
2026-07-12 18:00:00 UTC,1,0.1204,
2026-07-12 21:00:00 UTC,1,0.1757,
2026-07-13 0:00:00 UTC,1,0.1133,
2026-07-13 03:00:00 UTC,1,0.1441,
2026-07-13 06:00:00 UTC,1,0.0830,
2026-07-13 09:00:00 UTC,1,0.1077,
2026-07-13 12:00:00 UTC,1,0.1703,
2026-07-13 15:00:00 UTC,1,0.1389,
2026-07-13 18:00:00 UTC,1,0.0942,
2026-07-13 21:00:00 UTC,1,0.1176,
2026-07-14 0:00:00 UTC,1,0.1750,
2026-07-14 03:00:00 UTC,1,0.1638,
2026-07-14 06:00:00 UTC,1,0.1045,
2026-07-14 09:00:00 UTC,1,0.1706,
2026-07-14 12:00:00 UTC,1,0.1430,
2026-07-14 15:00:00 UTC,1,0.1220,
2026-07-14 18:00:00 UTC,1,0.1071,
2026-07-14 21:00:00 UTC,1,0.1076,
2026-07-15 0:00:00 UTC,1,0.1031,
2026-07-15 03:00:00 UTC,1,0.1321,
2026-07-15 06:00:00 UTC,1,0.0978,
2026-07-15 09:00:00 UTC,1,0.1490,
2026-07-15 12:00:00 UTC,1,0.1454,
2026-07-15 15:00:00 UTC,1,0.1382,
2026-07-15 18:00:00 UTC,1,0.1539,
2026-07-15 21:00:00 UTC,1,0.0755,
2026-07-16 0:00:00 UTC,1,0.1682,
2026-07-16 03:00:00 UTC,1,0.1298,
2026-07-16 06:00:00 UTC,1,0.1270,
2026-07-16 09:00:00 UTC,1,0.1136,
2026-07-16 12:00:00 UTC,1,0.1391,
2026-07-16 15:00:00 UTC,1,0.1599,
2026-07-16 18:00:00 UTC,1,0.0860,
2026-07-16 21:00:00 UTC,1,0.1110,
2026-07-17 0:00:00 UTC,1,0.1814,
2026-07-17 03:00:00 UTC,1,0.0844,
2026-07-17 06:00:00 UTC,1,0.1354,
2026-07-17 09:00:00 UTC,1,0.1069,
2026-07-17 12:00:00 UTC,1,0.1358,
2026-07-17 15:00:00 UTC,1,0.0830,
2026-07-17 18:00:00 UTC,1,0.1218,
2026-07-17 21:00:00 UTC,1,0.1201,
2026-07-18 0:00:00 UTC,1,0.1198,
2026-07-18 03:00:00 UTC,1,0.2007,
2026-07-18 06:00:00 UTC,1,0.1099,
2026-07-18 09:00:00 UTC,1,0.1074,
2026-07-18 12:00:00 UTC,1,0.1376,
2026-07-18 15:00:00 UTC,1,0.1175,
2026-07-18 18:00:00 UTC,1,0.2097,
2026-07-18 21:00:00 UTC,1,0.1149,
2026-07-19 0:00:00 UTC,1,0.2096,
2026-07-19 03:00:00 UTC,1,0.1184,
2026-07-19 06:00:00 UTC,1,0.1263,
2026-07-19 09:00:00 UTC,1,0.1346,
2026-07-19 12:00:00 UTC,1,0.1399,
2026-07-19 15:00:00 UTC,1,0.1175,
2026-07-19 18:00:00 UTC,1,0.1331,
2026-07-19 21:00:00 UTC,1,0.1003,
2026-07-20 0:00:00 UTC,1,0.1151,
2026-07-20 03:00:00 UTC,1,0.1004,
2026-07-20 06:00:00 UTC,1,0.1319,
2026-07-20 09:00:00 UTC,1,0.1287,
2026-07-20 12:00:00 UTC,1,0.1622,
2026-07-20 15:00:00 UTC,1,0.1492,
2026-07-20 18:00:00 UTC,1,0.1333,
2026-07-20 21:00:00 UTC,1,0.1187,
2026-07-21 0:00:00 UTC,1,0.1023,
2026-07-21 03:00:00 UTC,1,0.1499,
2026-07-21 06:00:00 UTC,1,0.1156,
2026-07-21 09:00:00 UTC,1,0.0539,
2026-07-21 12:00:00 UTC,1,0.1086,
2026-07-21 15:00:00 UTC,1,0.1317,
2026-07-21 18:00:00 UTC,1,0.0975,
2026-07-21 21:00:00 UTC,1,0.0912,
2026-07-22 0:00:00 UTC,1,0.1553,
2026-07-22 03:00:00 UTC,1,0.1254,
2026-07-22 06:00:00 UTC,1,0.0829,
2026-07-22 09:00:00 UTC,1,0.0986,
2026-07-22 12:00:00 UTC,1,0.0855,
2026-07-22 15:00:00 UTC,1,0.1091,
2026-07-22 18:00:00 UTC,1,0.1253,
2026-07-22 21:00:00 UTC,1,0.1025,
2026-07-23 0:00:00 UTC,1,0.1865,
2026-07-23 03:00:00 UTC,1,0.1280,
2026-07-23 06:00:00 UTC,1,0.1802,
2026-07-23 09:00:00 UTC,1,0.1554,
2026-07-23 12:00:00 UTC,1,0.0936,
2026-07-23 15:00:00 UTC,1,0.0901,
2026-07-23 18:00:00 UTC,1,0.1334,
2026-07-23 21:00:00 UTC,1,0.1163,
2026-07-24 0:00:00 UTC,1,0.1430,
2026-07-24 03:00:00 UTC,1,0.1097,
2026-07-24 06:00:00 UTC,1,0.1576,
2026-07-24 09:00:00 UTC,1,0.0878,
2026-07-24 12:00:00 UTC,1,0.1167,
2026-07-24 15:00:00 UTC,1,0.1409,
2026-07-24 18:00:00 UTC,1,0.1097,
2026-07-24 21:00:00 UTC,1,0.1241,
2026-07-25 0:00:00 UTC,1,0.1232,
2026-07-25 03:00:00 UTC,1,0.0857,
2026-07-25 06:00:00 UTC,1,0.1510,
2026-07-25 09:00:00 UTC,1,0.0928,
2026-07-25 12:00:00 UTC,1,0.1073,
2026-07-25 15:00:00 UTC,1,0.1051,
2026-07-25 18:00:00 UTC,1,0.1265,
2026-07-25 21:00:00 UTC,1,0.1086,
2026-07-26 0:00:00 UTC,1,0.1325,
2026-07-26 03:00:00 UTC,1,0.1553,
2026-07-26 06:00:00 UTC,1,0.0940,
2026-07-26 09:00:00 UTC,1,0.1047,
2026-07-26 12:00:00 UTC,1,0.1362,
2026-07-26 15:00:00 UTC,1,0.1003,
2026-07-26 18:00:00 UTC,1,0.1758,
2026-07-26 21:00:00 UTC,1,0.0860,
2026-07-27 0:00:00 UTC,1,0.0931,
2026-07-27 03:00:00 UTC,1,0.1035,
2026-07-27 06:00:00 UTC,1,0.1393,
2026-07-27 09:00:00 UTC,1,0.1055,
2026-07-27 12:00:00 UTC,1,0.1642,
2026-07-27 15:00:00 UTC,1,0.1617,
2026-07-27 18:00:00 UTC,1,0.1431,
2026-07-27 21:00:00 UTC,1,0.1099,
2026-07-28 0:00:00 UTC,1,0.1197,
2026-07-28 03:00:00 UTC,1,0.1125,
2026-07-28 06:00:00 UTC,1,0.1492,
2026-07-28 09:00:00 UTC,1,0.1306,
2026-07-28 12:00:00 UTC,1,0.1857,
2026-07-28 15:00:00 UTC,1,0.1299,
2026-07-28 18:00:00 UTC,1,0.1143,
2026-07-28 21:00:00 UTC,1,0.0949,
2026-07-29 0:00:00 UTC,1,0.1393,
2026-07-29 03:00:00 UTC,1,0.1182,
2026-07-29 06:00:00 UTC,1,0.1495,
2026-07-29 09:00:00 UTC,1,0.1773,
2026-07-29 12:00:00 UTC,1,0.0682,
2026-07-29 15:00:00 UTC,1,0.0633,
2026-07-29 18:00:00 UTC,1,0.1173,
2026-07-29 21:00:00 UTC,1,0.1250,
2026-07-30 0:00:00 UTC,1,0.1243,
2026-07-30 03:00:00 UTC,1,0.1255,
2026-07-30 06:00:00 UTC,1,0.1209,
2026-07-30 09:00:00 UTC,1,0.1038,
2026-07-30 12:00:00 UTC,1,0.1075,
2026-07-30 15:00:00 UTC,1,0.1070,
2026-07-30 18:00:00 UTC,1,0.1046,
2026-07-30 21:00:00 UTC,1,0.1344,
2026-07-31 0:00:00 UTC,1,0.0954,
2026-07-31 03:00:00 UTC,1,0.1143,
2026-07-31 06:00:00 UTC,1,0.1503,
2026-07-31 09:00:00 UTC,1,0.1076,
2026-07-31 12:00:00 UTC,1,0.1310,
2026-07-31 15:00:00 UTC,1,0.1285,
2026-07-31 18:00:00 UTC,1,0.1416,
2026-07-31 21:00:00 UTC,1,0.1517,
2026-08-01 0:00:00 UTC,1,0.1051,
2026-08-01 03:00:00 UTC,1,0.1487,
2026-08-01 06:00:00 UTC,1,0.1345,
2026-08-01 09:00:00 UTC,1,0.1237,
2026-08-01 12:00:00 UTC,1,0.1515,
2026-08-01 15:00:00 UTC,1,0.1207,
2026-08-01 18:00:00 UTC,1,0.1372,
2026-08-01 21:00:00 UTC,1,0.1734,
2026-08-02 0:00:00 UTC,1,0.1225,
2026-08-02 03:00:00 UTC,1,0.1270,
2026-08-02 06:00:00 UTC,1,0.1180,
2026-08-02 09:00:00 UTC,1,0.0935,
2026-08-02 12:00:00 UTC,1,0.0876,
2026-08-02 15:00:00 UTC,1,0.0742,
2026-08-02 18:00:00 UTC,1,0.1747,
2026-08-02 21:00:00 UTC,1,0.1656,
2026-08-03 0:00:00 UTC,1,0.1051,
2026-08-03 03:00:00 UTC,1,0.1867,
2026-08-03 06:00:00 UTC,1,0.1758,
2026-08-03 09:00:00 UTC,1,0.1637,
2026-08-03 12:00:00 UTC,1,0.1116,
2026-08-03 15:00:00 UTC,1,0.1478,
2026-08-03 18:00:00 UTC,1,0.0999,
2026-08-03 21:00:00 UTC,1,0.1740,
2026-08-04 0:00:00 UTC,1,0.1638,
2026-08-04 03:00:00 UTC,1,0.1702,
2026-08-04 06:00:00 UTC,1,0.1414,
2026-08-04 09:00:00 UTC,1,0.1096,
2026-08-04 12:00:00 UTC,1,0.1371,
2026-08-04 15:00:00 UTC,1,0.1078,
2026-08-04 18:00:00 UTC,1,0.1214,
2026-08-04 21:00:00 UTC,1,0.1105,
2026-08-05 0:00:00 UTC,1,0.0851,
2026-08-05 03:00:00 UTC,1,0.1413,
2026-08-05 06:00:00 UTC,1,0.1669,
2026-08-05 09:00:00 UTC,1,0.1125,
2026-08-05 12:00:00 UTC,1,0.1344,
2026-08-05 15:00:00 UTC,1,0.1525,
2026-08-05 18:00:00 UTC,1,0.1271,
2026-08-05 21:00:00 UTC,1,0.0955,
2026-08-06 0:00:00 UTC,1,0.1333,
2026-08-06 03:00:00 UTC,1,0.1888,
2026-08-06 06:00:00 UTC,1,0.1236,
2026-08-06 09:00:00 UTC,1,0.1197,
2026-08-06 12:00:00 UTC,1,0.1289,
2026-08-06 15:00:00 UTC,1,0.1315,
2026-08-06 18:00:00 UTC,1,0.1206,
2026-08-06 21:00:00 UTC,1,0.1287,
2026-08-07 0:00:00 UTC,1,0.1027,
2026-08-07 03:00:00 UTC,1,0.1421,
2026-08-07 06:00:00 UTC,1,0.1329,
2026-08-07 09:00:00 UTC,1,0.1341,
2026-08-07 12:00:00 UTC,1,0.1617,
2026-08-07 15:00:00 UTC,1,0.1319,
2026-08-07 18:00:00 UTC,1,0.1075,
2026-08-07 21:00:00 UTC,1,0.0938,
2026-08-08 0:00:00 UTC,1,0.0772,
2026-08-08 03:00:00 UTC,1,0.1215,
2026-08-08 06:00:00 UTC,1,0.1071,
2026-08-08 09:00:00 UTC,1,0.1123,
2026-08-08 12:00:00 UTC,1,0.1703,
2026-08-08 15:00:00 UTC,1,0.1353,
2026-08-08 18:00:00 UTC,1,0.1755,
2026-08-08 21:00:00 UTC,1,0.1158,
2026-08-09 0:00:00 UTC,1,0.1037,
2026-08-09 03:00:00 UTC,1,0.1154,
2026-08-09 06:00:00 UTC,1,0.1787,
2026-08-09 09:00:00 UTC,1,0.1517,
2026-08-09 12:00:00 UTC,1,0.1282,
2026-08-09 15:00:00 UTC,1,0.1679,
2026-08-09 18:00:00 UTC,1,0.0902,
2026-08-09 21:00:00 UTC,1,0.1578,
2026-08-10 0:00:00 UTC,1,0.1629,
2026-08-10 03:00:00 UTC,1,0.1546,
2026-08-10 06:00:00 UTC,1,0.1241,
2026-08-10 09:00:00 UTC,1,0.1119,
2026-08-10 12:00:00 UTC,1,0.1980,
2026-08-10 15:00:00 UTC,1,0.2057,
2026-08-10 18:00:00 UTC,1,0.1285,
2026-08-10 21:00:00 UTC,1,0.1129,
2026-08-11 0:00:00 UTC,1,0.1697,
2026-08-11 03:00:00 UTC,1,0.1870,
2026-08-11 06:00:00 UTC,1,0.1000,
2026-08-11 09:00:00 UTC,1,0.0858,
2026-08-11 12:00:00 UTC,1,0.1424,
2026-08-11 15:00:00 UTC,1,0.1915,
2026-08-11 18:00:00 UTC,1,0.1215,
2026-08-11 21:00:00 UTC,1,0.0990,
2026-08-12 0:00:00 UTC,1,0.1293,
2026-08-12 03:00:00 UTC,1,0.1240,
2026-08-12 06:00:00 UTC,1,0.1138,
2026-08-12 09:00:00 UTC,1,0.1470,
2026-08-12 12:00:00 UTC,1,0.1780,
2026-08-12 15:00:00 UTC,1,0.1189,
2026-08-12 18:00:00 UTC,1,0.0939,
2026-08-12 21:00:00 UTC,1,0.1359,
2026-08-13 0:00:00 UTC,1,0.1351,
2026-08-13 03:00:00 UTC,1,0.1159,
2026-08-13 06:00:00 UTC,1,0.0625,
2026-08-13 09:00:00 UTC,1,0.1123,
2026-08-13 12:00:00 UTC,1,0.1086,
2026-08-13 15:00:00 UTC,1,0.1232,
2026-08-13 18:00:00 UTC,1,0.0895,
2026-08-13 21:00:00 UTC,1,0.1175,
2026-08-14 0:00:00 UTC,1,0.1587,
2026-08-14 03:00:00 UTC,1,0.1151,
2026-08-14 06:00:00 UTC,1,0.0911,
2026-08-14 09:00:00 UTC,1,0.1253,
2026-08-14 12:00:00 UTC,1,0.1162,
2026-08-14 15:00:00 UTC,1,0.1381,
2026-08-14 18:00:00 UTC,1,0.1094,
2026-08-14 21:00:00 UTC,1,0.1841,
2026-08-15 0:00:00 UTC,1,0.1623,
2026-08-15 03:00:00 UTC,1,0.1456,
2026-08-15 06:00:00 UTC,1,0.0558,
2026-08-15 09:00:00 UTC,1,0.0996,
2026-08-15 12:00:00 UTC,1,0.1293,
2026-08-15 15:00:00 UTC,1,0.1782,
2026-08-15 18:00:00 UTC,1,0.2013,
2026-08-15 21:00:00 UTC,1,0.0839,
2026-08-16 0:00:00 UTC,1,0.1431,
2026-08-16 03:00:00 UTC,1,0.1516,
2026-08-16 06:00:00 UTC,1,0.1524,
2026-08-16 09:00:00 UTC,1,0.1498,
2026-08-16 12:00:00 UTC,1,0.0698,
2026-08-16 15:00:00 UTC,1,0.1134,
2026-08-16 18:00:00 UTC,1,0.1045,
2026-08-16 21:00:00 UTC,1,0.1080,
2026-08-17 0:00:00 UTC,1,0.1518,
2026-08-17 03:00:00 UTC,1,0.1336,
2026-08-17 06:00:00 UTC,1,0.1949,
2026-08-17 09:00:00 UTC,1,0.0890,
2026-08-17 12:00:00 UTC,1,0.1292,
2026-08-17 15:00:00 UTC,1,0.1481,
2026-08-17 18:00:00 UTC,1,0.0990,
2026-08-17 21:00:00 UTC,1,0.1299,
2026-08-18 0:00:00 UTC,1,0.0923,
2026-08-18 03:00:00 UTC,1,0.1403,
2026-08-18 06:00:00 UTC,1,0.1627,
2026-08-18 09:00:00 UTC,1,0.1302,
2026-08-18 12:00:00 UTC,1,0.1738,
2026-08-18 15:00:00 UTC,1,0.1434,
2026-08-18 18:00:00 UTC,1,0.1116,
2026-08-18 21:00:00 UTC,1,0.1923,
2026-08-19 0:00:00 UTC,1,0.1285,
2026-08-19 03:00:00 UTC,1,0.1456,
2026-08-19 06:00:00 UTC,1,0.1471,
2026-08-19 09:00:00 UTC,1,0.1258,
2026-08-19 12:00:00 UTC,1,0.1306,
2026-08-19 15:00:00 UTC,1,0.1419,
2026-08-19 18:00:00 UTC,1,0.1736,
2026-08-19 21:00:00 UTC,1,0.0895,
2026-08-20 0:00:00 UTC,1,0.1957,
2026-08-20 03:00:00 UTC,1,0.0870,
2026-08-20 06:00:00 UTC,1,0.1155,
2026-08-20 09:00:00 UTC,1,0.1109,
2026-08-20 12:00:00 UTC,1,0.0935,
2026-08-20 15:00:00 UTC,1,0.1519,
2026-08-20 18:00:00 UTC,1,0.1701,
2026-08-20 21:00:00 UTC,1,0.1629,
2026-08-21 0:00:00 UTC,1,0.1594,
2026-08-21 03:00:00 UTC,1,0.1310,
2026-08-21 06:00:00 UTC,1,0.1005,
2026-08-21 09:00:00 UTC,1,0.1603,
2026-08-21 12:00:00 UTC,1,0.1529,
2026-08-21 15:00:00 UTC,1,0.1180,
2026-08-21 18:00:00 UTC,1,0.1227,
2026-08-21 21:00:00 UTC,1,0.1343,
2026-08-22 0:00:00 UTC,1,0.1155,
2026-08-22 03:00:00 UTC,1,0.1596,
2026-08-22 06:00:00 UTC,1,0.1314,
2026-08-22 09:00:00 UTC,1,0.0626,
2026-08-22 12:00:00 UTC,1,0.1117,
2026-08-22 15:00:00 UTC,1,0.1179,
2026-08-22 18:00:00 UTC,1,0.1898,
2026-08-22 21:00:00 UTC,1,0.1085,
2026-08-23 0:00:00 UTC,1,0.1531,
2026-08-23 03:00:00 UTC,1,0.0787,
2026-08-23 06:00:00 UTC,1,0.1198,
2026-08-23 09:00:00 UTC,1,0.1762,
2026-08-23 12:00:00 UTC,1,0.1486,
2026-08-23 15:00:00 UTC,1,0.1880,
2026-08-23 18:00:00 UTC,1,0.1876,
2026-08-23 21:00:00 UTC,1,0.0900,
2026-08-24 0:00:00 UTC,1,0.1634,
2026-08-24 03:00:00 UTC,1,0.1156,
2026-08-24 06:00:00 UTC,1,0.1398,
2026-08-24 09:00:00 UTC,1,0.1497,
2026-08-24 12:00:00 UTC,1,0.0824,
2026-08-24 15:00:00 UTC,1,0.0889,
2026-08-24 18:00:00 UTC,1,0.1128,
2026-08-24 21:00:00 UTC,1,0.1349,
2026-08-25 0:00:00 UTC,1,0.1910,
2026-08-25 03:00:00 UTC,1,0.1200,
2026-08-25 06:00:00 UTC,1,0.1105,
2026-08-25 09:00:00 UTC,1,0.1405,
2026-08-25 12:00:00 UTC,1,0.1518,
2026-08-25 15:00:00 UTC,1,0.1430,
2026-08-25 18:00:00 UTC,1,0.1218,
2026-08-25 21:00:00 UTC,1,0.1678,
2026-08-26 0:00:00 UTC,1,0.1123,
2026-08-26 03:00:00 UTC,1,0.1400,
2026-08-26 06:00:00 UTC,1,0.1760,
2026-08-26 09:00:00 UTC,1,0.0721,
2026-08-26 12:00:00 UTC,1,0.1304,
2026-08-26 15:00:00 UTC,1,0.1500,
2026-08-26 18:00:00 UTC,1,0.1187,
2026-08-26 21:00:00 UTC,1,0.1238,
2026-08-27 0:00:00 UTC,1,0.1764,
2026-08-27 03:00:00 UTC,1,0.1439,
2026-08-27 06:00:00 UTC,1,0.0959,
2026-08-27 09:00:00 UTC,1,0.1350,
2026-08-27 12:00:00 UTC,1,0.1362,
2026-08-27 15:00:00 UTC,1,0.1524,
2026-08-27 18:00:00 UTC,1,0.0709,
2026-08-27 21:00:00 UTC,1,0.1273,
2026-08-28 0:00:00 UTC,1,0.1264,
2026-08-28 03:00:00 UTC,1,0.1124,
2026-08-28 06:00:00 UTC,1,0.1932,
2026-08-28 09:00:00 UTC,1,0.0524,
2026-08-28 12:00:00 UTC,1,0.1935,
2026-08-28 15:00:00 UTC,1,0.1018,
2026-08-28 18:00:00 UTC,1,0.1390,
2026-08-28 21:00:00 UTC,1,0.1808,
2026-08-29 0:00:00 UTC,1,0.1716,
2026-08-29 03:00:00 UTC,1,0.1613,
2026-08-29 06:00:00 UTC,1,0.1468,
2026-08-29 09:00:00 UTC,1,0.1535,
2026-08-29 12:00:00 UTC,1,0.1333,
2026-08-29 15:00:00 UTC,1,0.1448,
2026-08-29 18:00:00 UTC,1,0.1078,
2026-08-29 21:00:00 UTC,1,0.1100,
2026-08-30 0:00:00 UTC,1,0.1144,
2026-08-30 03:00:00 UTC,1,0.0738,
2026-08-30 06:00:00 UTC,1,0.0836,
2026-08-30 09:00:00 UTC,1,0.1516,
2026-08-30 12:00:00 UTC,1,0.1189,
2026-08-30 15:00:00 UTC,1,0.1240,
2026-08-30 18:00:00 UTC,1,0.1408,
2026-08-30 21:00:00 UTC,1,0.1182,
2026-08-31 0:00:00 UTC,1,0.1970,
2026-08-31 03:00:00 UTC,1,0.1004,
2026-08-31 06:00:00 UTC,1,0.1494,
2026-08-31 09:00:00 UTC,1,0.1347,
2026-08-31 12:00:00 UTC,1,0.1434,
2026-08-31 15:00:00 UTC,1,0.1163,
2026-08-31 18:00:00 UTC,1,0.1680,
2026-08-31 21:00:00 UTC,1,0.1181,
2026-09-01 0:00:00 UTC,1,0.1068,
2026-09-01 03:00:00 UTC,1,0.1177,
2026-09-01 06:00:00 UTC,1,0.1355,
2026-09-01 09:00:00 UTC,1,0.0591,
2026-09-01 12:00:00 UTC,1,0.0812,
2026-09-01 15:00:00 UTC,1,0.1788,
2026-09-01 18:00:00 UTC,1,0.1411,
2026-09-01 21:00:00 UTC,1,0.1354,
2026-09-02 0:00:00 UTC,1,0.1403,
2026-09-02 03:00:00 UTC,1,0.1602,
2026-09-02 06:00:00 UTC,1,0.1133,
2026-09-02 09:00:00 UTC,1,0.1493,
2026-09-02 12:00:00 UTC,1,0.1663,
2026-09-02 15:00:00 UTC,1,0.1315,
2026-09-02 18:00:00 UTC,1,0.0855,
2026-09-02 21:00:00 UTC,1,0.1440,
2026-09-03 0:00:00 UTC,1,0.1567,
2026-09-03 03:00:00 UTC,1,0.1638,
2026-09-03 06:00:00 UTC,1,0.0609,
2026-09-03 09:00:00 UTC,1,0.1615,
2026-09-03 12:00:00 UTC,1,0.0686,
2026-09-03 15:00:00 UTC,1,0.0863,
2026-09-03 18:00:00 UTC,1,0.1905,
2026-09-03 21:00:00 UTC,1,0.1623,
2026-09-04 0:00:00 UTC,1,0.1620,
2026-09-04 03:00:00 UTC,1,0.1074,
2026-09-04 06:00:00 UTC,1,0.1242,
2026-09-04 09:00:00 UTC,1,0.1622,
2026-09-04 12:00:00 UTC,1,0.2249,
2026-09-04 15:00:00 UTC,1,0.1209,
2026-09-04 18:00:00 UTC,1,0.1100,
2026-09-04 21:00:00 UTC,1,0.0886,
2026-09-05 0:00:00 UTC,1,0.1311,
2026-09-05 03:00:00 UTC,1,0.0975,
2026-09-05 06:00:00 UTC,1,0.1463,
2026-09-05 09:00:00 UTC,1,0.1443,
2026-09-05 12:00:00 UTC,1,0.1207,
2026-09-05 15:00:00 UTC,1,0.1470,
2026-09-05 18:00:00 UTC,1,0.1786,
2026-09-05 21:00:00 UTC,1,0.0332,
2026-09-06 0:00:00 UTC,1,0.1477,
2026-09-06 03:00:00 UTC,1,0.1480,
2026-09-06 06:00:00 UTC,1,0.2046,
2026-09-06 09:00:00 UTC,1,0.0849,
2026-09-06 12:00:00 UTC,1,0.1514,
2026-09-06 15:00:00 UTC,1,0.1367,
2026-09-06 18:00:00 UTC,1,0.1319,
2026-09-06 21:00:00 UTC,1,0.1385,
2026-09-07 0:00:00 UTC,1,0.0968,
2026-09-07 03:00:00 UTC,1,0.1235,
2026-09-07 06:00:00 UTC,1,0.0927,
2026-09-07 09:00:00 UTC,1,0.1850,
2026-09-07 12:00:00 UTC,1,0.1579,
2026-09-07 15:00:00 UTC,1,0.1623,
2026-09-07 18:00:00 UTC,1,0.1481,
2026-09-07 21:00:00 UTC,1,0.1242,
2026-09-08 0:00:00 UTC,1,0.1346,
2026-09-08 03:00:00 UTC,1,0.1366,
2026-09-08 06:00:00 UTC,1,0.0642,
2026-09-08 09:00:00 UTC,1,0.1907,
2026-09-08 12:00:00 UTC,1,0.1741,
2026-09-08 15:00:00 UTC,1,0.0485,
2026-09-08 18:00:00 UTC,1,0.1369,
2026-09-08 21:00:00 UTC,1,0.1385,
2026-09-09 0:00:00 UTC,1,0.0520,
2026-09-09 03:00:00 UTC,1,0.1209,
2026-09-09 06:00:00 UTC,1,0.1637,
2026-09-09 09:00:00 UTC,1,0.1260,
2026-09-09 12:00:00 UTC,1,0.1290,
2026-09-09 15:00:00 UTC,1,0.1380,
2026-09-09 18:00:00 UTC,1,0.1427,
2026-09-09 21:00:00 UTC,1,0.1129,
2026-09-10 0:00:00 UTC,1,0.1147,
2026-09-10 03:00:00 UTC,1,0.1144,
2026-09-10 06:00:00 UTC,1,0.1061,
2026-09-10 09:00:00 UTC,1,0.1474,
2026-09-10 12:00:00 UTC,1,0.1305,
2026-09-10 15:00:00 UTC,1,0.1818,
2026-09-10 18:00:00 UTC,1,0.1678,
2026-09-10 21:00:00 UTC,1,0.1483,
2026-09-11 0:00:00 UTC,1,0.1400,
2026-09-11 03:00:00 UTC,1,0.1359,
2026-09-11 06:00:00 UTC,1,0.1321,
2026-09-11 09:00:00 UTC,1,0.1254,
2026-09-11 12:00:00 UTC,1,0.0814,
2026-09-11 15:00:00 UTC,1,0.1764,
2026-09-11 18:00:00 UTC,1,0.1439,
2026-09-11 21:00:00 UTC,1,0.0844,
2026-09-12 0:00:00 UTC,1,0.1475,
2026-09-12 03:00:00 UTC,1,0.0993,
2026-09-12 06:00:00 UTC,1,0.1154,
2026-09-12 09:00:00 UTC,1,0.1248,
2026-09-12 12:00:00 UTC,1,0.1085,
2026-09-12 15:00:00 UTC,1,0.1012,
2026-09-12 18:00:00 UTC,1,0.1528,
2026-09-12 21:00:00 UTC,1,0.1940,
2026-09-13 0:00:00 UTC,1,0.1473,
2026-09-13 03:00:00 UTC,1,0.1024,
2026-09-13 06:00:00 UTC,1,0.1277,
2026-09-13 09:00:00 UTC,1,0.1050,
2026-09-13 12:00:00 UTC,1,0.1470,
2026-09-13 15:00:00 UTC,1,0.1085,
2026-09-13 18:00:00 UTC,1,0.1271,
2026-09-13 21:00:00 UTC,1,0.0906,
2026-09-14 0:00:00 UTC,1,0.1192,
2026-09-14 03:00:00 UTC,1,0.1288,
2026-09-14 06:00:00 UTC,1,0.0987,
2026-09-14 09:00:00 UTC,1,0.1438,
2026-09-14 12:00:00 UTC,1,0.1103,
2026-09-14 15:00:00 UTC,1,0.1371,
2026-09-14 18:00:00 UTC,1,0.1260,
2026-09-14 21:00:00 UTC,1,0.1247,
2026-09-15 0:00:00 UTC,1,0.0843,
2026-09-15 03:00:00 UTC,1,0.1423,
2026-09-15 06:00:00 UTC,1,0.1344,
2026-09-15 09:00:00 UTC,1,0.0629,
2026-09-15 12:00:00 UTC,1,0.1426,
2026-09-15 15:00:00 UTC,1,0.1318,
2026-09-15 18:00:00 UTC,1,0.1245,
2026-09-15 21:00:00 UTC,1,0.1468,
2026-09-16 0:00:00 UTC,1,0.1194,
2026-09-16 03:00:00 UTC,1,0.1528,
2026-09-16 06:00:00 UTC,1,0.0925,
2026-09-16 09:00:00 UTC,1,0.0657,
2026-09-16 12:00:00 UTC,1,0.1755,
2026-09-16 15:00:00 UTC,1,0.1529,
2026-09-16 18:00:00 UTC,1,0.1343,
2026-09-16 21:00:00 UTC,1,0.1050,
2026-09-17 0:00:00 UTC,1,0.0937,
2026-09-17 03:00:00 UTC,1,0.1547,
2026-09-17 06:00:00 UTC,1,0.0987,
2026-09-17 09:00:00 UTC,1,0.0606,
2026-09-17 12:00:00 UTC,1,0.1461,
2026-09-17 15:00:00 UTC,1,0.1305,
2026-09-17 18:00:00 UTC,1,0.1031,
2026-09-17 21:00:00 UTC,1,0.1557,
2026-09-18 0:00:00 UTC,1,0.0876,
2026-09-18 03:00:00 UTC,1,0.1590,
2026-09-18 06:00:00 UTC,1,0.0618,
2026-09-18 09:00:00 UTC,1,0.1419,
2026-09-18 12:00:00 UTC,1,0.1093,
2026-09-18 15:00:00 UTC,1,0.1383,
2026-09-18 18:00:00 UTC,1,0.1490,
2026-09-18 21:00:00 UTC,1,0.1263,
2026-09-19 0:00:00 UTC,1,0.1239,
2026-09-19 03:00:00 UTC,1,0.1914,
2026-09-19 06:00:00 UTC,1,0.1290,
2026-09-19 09:00:00 UTC,1,0.1163,
2026-09-19 12:00:00 UTC,1,0.1789,
2026-09-19 15:00:00 UTC,1,0.1448,
2026-09-19 18:00:00 UTC,1,0.1245,
2026-09-19 21:00:00 UTC,1,0.1171,
2026-09-20 0:00:00 UTC,1,0.1419,
2026-09-20 03:00:00 UTC,1,0.0794,
2026-09-20 06:00:00 UTC,1,0.1114,
2026-09-20 09:00:00 UTC,1,0.1337,
2026-09-20 12:00:00 UTC,1,0.1372,
2026-09-20 15:00:00 UTC,1,0.1086,
2026-09-20 18:00:00 UTC,1,0.1504,
2026-09-20 21:00:00 UTC,1,0.1191,
2026-09-21 0:00:00 UTC,1,0.1721,
2026-09-21 03:00:00 UTC,1,0.1574,
2026-09-21 06:00:00 UTC,1,0.1389,
2026-09-21 09:00:00 UTC,1,0.1792,
2026-09-21 12:00:00 UTC,1,0.1618,
2026-09-21 15:00:00 UTC,1,0.0905,
2026-09-21 18:00:00 UTC,1,0.1287,
2026-09-21 21:00:00 UTC,1,0.1097,
2026-09-22 0:00:00 UTC,1,0.1493,
2026-09-22 03:00:00 UTC,1,0.1499,
2026-09-22 06:00:00 UTC,1,0.0346,
2026-09-22 09:00:00 UTC,1,0.1202,
2026-09-22 12:00:00 UTC,1,0.1495,
2026-09-22 15:00:00 UTC,1,0.1677,
2026-09-22 18:00:00 UTC,1,0.0866,
2026-09-22 21:00:00 UTC,1,0.0942,
2026-09-23 0:00:00 UTC,1,0.1865,
2026-09-23 03:00:00 UTC,1,0.1084,
2026-09-23 06:00:00 UTC,1,0.0835,
2026-09-23 09:00:00 UTC,1,0.1590,
2026-09-23 12:00:00 UTC,1,0.1480,
2026-09-23 15:00:00 UTC,1,0.1035,
2026-09-23 18:00:00 UTC,1,0.1455,
2026-09-23 21:00:00 UTC,1,0.1976,
2026-09-24 0:00:00 UTC,1,0.1402,
2026-09-24 03:00:00 UTC,1,0.1949,
2026-09-24 06:00:00 UTC,1,0.1482,
2026-09-24 09:00:00 UTC,1,0.1733,
2026-09-24 12:00:00 UTC,1,0.1344,
2026-09-24 15:00:00 UTC,1,0.1524,
2026-09-24 18:00:00 UTC,1,0.1499,
2026-09-24 21:00:00 UTC,1,0.1223,
2026-09-25 0:00:00 UTC,1,0.0862,
2026-09-25 03:00:00 UTC,1,0.1597,
2026-09-25 06:00:00 UTC,1,0.1020,
2026-09-25 09:00:00 UTC,1,0.1133,
2026-09-25 12:00:00 UTC,1,0.1272,
2026-09-25 15:00:00 UTC,1,0.1161,
2026-09-25 18:00:00 UTC,1,0.1123,
2026-09-25 21:00:00 UTC,1,0.1251,
2026-09-26 0:00:00 UTC,1,0.1049,
2026-09-26 03:00:00 UTC,1,0.1128,
2026-09-26 06:00:00 UTC,1,0.1655,
2026-09-26 09:00:00 UTC,1,0.0661,
2026-09-26 12:00:00 UTC,1,0.1279,
2026-09-26 15:00:00 UTC,1,0.0917,
2026-09-26 18:00:00 UTC,1,0.1490,
2026-09-26 21:00:00 UTC,1,0.1523,
2026-09-27 0:00:00 UTC,1,0.1235,
